house_id,area_id,full_address,city,address,street_prefix,street_name,building,area_name,house_year
8104093,2281050,г Москва б-р Покровский д.14/5,Москва,б-р Покровский д.14/5,б-р,Покровский ,д.14/5,муниципальный округ Басманный,1927
8104094,2281050,г Москва б-р Покровский д.14/6 строение 1,Москва,б-р Покровский д.14/6 строение 1,б-р,Покровский ,д.14/6 строение 1,муниципальный округ Басманный,1915
8104099,2281050,г Москва б-р Покровский д.16/10 строение 1,Москва,б-р Покровский д.16/10 строение 1,б-р,Покровский ,д.16/10 строение 1,муниципальный округ Басманный,1860
8104106,2281050,г Москва б-р Покровский д.16_18 строение 4_4А,Москва,б-р Покровский д.16_18 строение 4_4А,б-р,Покровский ,д.16_18 строение 4_4А,муниципальный округ Басманный,1860
8104113,2281050,г Москва б-р Покровский д.18/15 строение 2,Москва,б-р Покровский д.18/15 строение 2,б-р,Покровский ,д.18/15 строение 2,муниципальный округ Басманный,1860
7690637,2281050,г Москва б-р Покровский д.4/17 строение 10,Москва,б-р Покровский д.4/17 строение 10,б-р,Покровский ,д.4/17 строение 10,муниципальный округ Басманный,2001
8104117,2281050,г Москва б-р Покровский д.4/17 строение 6,Москва,б-р Покровский д.4/17 строение 6,б-р,Покровский ,д.4/17 строение 6,муниципальный округ Басманный,1955
8104122,2281050,г Москва б-р Покровский д.4/17 строение 7,Москва,б-р Покровский д.4/17 строение 7,б-р,Покровский ,д.4/17 строение 7,муниципальный округ Басманный,1893
8104128,2281050,г Москва б-р Покровский д.8 строение 2,Москва,б-р Покровский д.8 строение 2,б-р,Покровский ,д.8 строение 2,муниципальный округ Басманный,1900
8103944,2281050,г Москва б-р Чистопрудный д.11 строение 1,Москва,б-р Чистопрудный д.11 строение 1,б-р,Чистопрудный ,д.11 строение 1,муниципальный округ Басманный,1917
8103950,2281050,г Москва б-р Чистопрудный д.11 строение 2,Москва,б-р Чистопрудный д.11 строение 2,б-р,Чистопрудный ,д.11 строение 2,муниципальный округ Басманный,1870
8103955,2281050,г Москва б-р Чистопрудный д.11 строение 4,Москва,б-р Чистопрудный д.11 строение 4,б-р,Чистопрудный ,д.11 строение 4,муниципальный округ Басманный,1917
8090125,2281050,г Москва б-р Чистопрудный д.12 кор.2,Москва,б-р Чистопрудный д.12 кор.2,б-р,Чистопрудный ,д.12 кор.2,муниципальный округ Басманный,1931
8103960,2281050,г Москва б-р Чистопрудный д.12 кор.3,Москва,б-р Чистопрудный д.12 кор.3,б-р,Чистопрудный ,д.12 кор.3,муниципальный округ Басманный,1937
8090128,2281050,г Москва б-р Чистопрудный д.12 кор.5,Москва,б-р Чистопрудный д.12 кор.5,б-р,Чистопрудный ,д.12 кор.5,муниципальный округ Басманный,1930
8103972,2281050,г Москва б-р Чистопрудный д.12 кор.6,Москва,б-р Чистопрудный д.12 кор.6,б-р,Чистопрудный ,д.12 кор.6,муниципальный округ Басманный,1926
8103975,2281050,г Москва б-р Чистопрудный д.13 строение 1,Москва,б-р Чистопрудный д.13 строение 1,б-р,Чистопрудный ,д.13 строение 1,муниципальный округ Басманный,1900
8103978,2281050,г Москва б-р Чистопрудный д.13 строение 2,Москва,б-р Чистопрудный д.13 строение 2,б-р,Чистопрудный ,д.13 строение 2,муниципальный округ Басманный,1917
8103982,2281050,г Москва б-р Чистопрудный д.13 строение 3,Москва,б-р Чистопрудный д.13 строение 3,б-р,Чистопрудный ,д.13 строение 3,муниципальный округ Басманный,1900
8103987,2281050,г Москва б-р Чистопрудный д.14 строение 3,Москва,б-р Чистопрудный д.14 строение 3,б-р,Чистопрудный ,д.14 строение 3,муниципальный округ Басманный,1908
8103990,2281050,г Москва б-р Чистопрудный д.15 строение 1,Москва,б-р Чистопрудный д.15 строение 1,б-р,Чистопрудный ,д.15 строение 1,муниципальный округ Басманный,1917
8103996,2281050,г Москва б-р Чистопрудный д.15 строение 2,Москва,б-р Чистопрудный д.15 строение 2,б-р,Чистопрудный ,д.15 строение 2,муниципальный округ Басманный,1910
8104002,2281050,г Москва б-р Чистопрудный д.1А,Москва,б-р Чистопрудный д.1А,б-р,Чистопрудный ,д.1А,муниципальный округ Басманный,1917
8104009,2281050,г Москва б-р Чистопрудный д.23 строение 1,Москва,б-р Чистопрудный д.23 строение 1,б-р,Чистопрудный ,д.23 строение 1,муниципальный округ Басманный,1907
8104014,2281050,г Москва б-р Чистопрудный д.7/2,Москва,б-р Чистопрудный д.7/2,б-р,Чистопрудный ,д.7/2,муниципальный округ Басманный,1960
8104017,2281050,г Москва б-р Чистопрудный д.9 строение 1,Москва,б-р Чистопрудный д.9 строение 1,б-р,Чистопрудный ,д.9 строение 1,муниципальный округ Басманный,1917
8103747,2281050,г Москва наб Академика Туполева д.1/7 строение 2,Москва,наб Академика Туполева д.1/7 строение 2,наб,Академика Туполева ,д.1/7 строение 2,муниципальный округ Басманный,1961
7618935,2281050,г Москва наб Академика Туполева д.15,Москва,наб Академика Туполева д.15,наб,Академика Туполева ,д.15,муниципальный округ Басманный,2008
8102881,2281050,г Москва наб Рубцовская д.2 кор.1,Москва,наб Рубцовская д.2 кор.1,наб,Рубцовская ,д.2 кор.1,муниципальный округ Басманный,1999
8102883,2281050,г Москва наб Рубцовская д.2 кор.2,Москва,наб Рубцовская д.2 кор.2,наб,Рубцовская ,д.2 кор.2,муниципальный округ Басманный,1999
8102888,2281050,г Москва наб Рубцовская д.2 кор.3,Москва,наб Рубцовская д.2 кор.3,наб,Рубцовская ,д.2 кор.3,муниципальный округ Басманный,1999
8102889,2281050,г Москва наб Рубцовская д.2 кор.4,Москва,наб Рубцовская д.2 кор.4,наб,Рубцовская ,д.2 кор.4,муниципальный округ Басманный,1999
8102891,2281050,г Москва наб Рубцовская д.2 кор.5,Москва,наб Рубцовская д.2 кор.5,наб,Рубцовская ,д.2 кор.5,муниципальный округ Басманный,1999
8102892,2281050,г Москва наб Рубцовская д.4 кор.1,Москва,наб Рубцовская д.4 кор.1,наб,Рубцовская ,д.4 кор.1,муниципальный округ Басманный,2002
8102893,2281050,г Москва наб Рубцовская д.4 кор.2,Москва,наб Рубцовская д.4 кор.2,наб,Рубцовская ,д.4 кор.2,муниципальный округ Басманный,2002
8102894,2281050,г Москва наб Рубцовская д.4 кор.3,Москва,наб Рубцовская д.4 кор.3,наб,Рубцовская ,д.4 кор.3,муниципальный округ Басманный,2002
8103528,2281050,г Москва наб Семеновская д.2/1 строение 1,Москва,наб Семеновская д.2/1 строение 1,наб,Семеновская ,д.2/1 строение 1,муниципальный округ Басманный,1956
8103539,2281050,г Москва наб Семеновская д.2/1 строение 2,Москва,наб Семеновская д.2/1 строение 2,наб,Семеновская ,д.2/1 строение 2,муниципальный округ Басманный,1967
8103546,2281050,г Москва наб Семеновская д.3/1 кор.1,Москва,наб Семеновская д.3/1 кор.1,наб,Семеновская ,д.3/1 кор.1,муниципальный округ Басманный,1951
8103551,2281050,г Москва наб Семеновская д.3/1 кор.2,Москва,наб Семеновская д.3/1 кор.2,наб,Семеновская ,д.3/1 кор.2,муниципальный округ Басманный,1951
8103569,2281050,г Москва наб Семеновская д.3/1 кор.2А,Москва,наб Семеновская д.3/1 кор.2А,наб,Семеновская ,д.3/1 кор.2А,муниципальный округ Басманный,1951
8104654,2281050,г Москва наб Семеновская д.3/1 кор.3,Москва,наб Семеновская д.3/1 кор.3,наб,Семеновская ,д.3/1 кор.3,муниципальный округ Басманный,1950
8103574,2281050,г Москва наб Семеновская д.3/1 кор.4,Москва,наб Семеновская д.3/1 кор.4,наб,Семеновская ,д.3/1 кор.4,муниципальный округ Басманный,1955
8103581,2281050,г Москва наб Семеновская д.3/1 кор.5,Москва,наб Семеновская д.3/1 кор.5,наб,Семеновская ,д.3/1 кор.5,муниципальный округ Басманный,1955
8103585,2281050,г Москва наб Семеновская д.3/1 кор.6,Москва,наб Семеновская д.3/1 кор.6,наб,Семеновская ,д.3/1 кор.6,муниципальный округ Басманный,1957
8103595,2281050,г Москва наб Семеновская д.3/1 кор.7,Москва,наб Семеновская д.3/1 кор.7,наб,Семеновская ,д.3/1 кор.7,муниципальный округ Басманный,1952
7621222,2281050,г Москва пер Аптекарский д.10/1,Москва,пер Аптекарский д.10/1,пер,Аптекарский ,д.10/1,муниципальный округ Басманный,1978
7621624,2281050,г Москва пер Аптекарский д.13/15,Москва,пер Аптекарский д.13/15,пер,Аптекарский ,д.13/15,муниципальный округ Басманный,1958
7621633,2281050,г Москва пер Аптекарский д.15,Москва,пер Аптекарский д.15,пер,Аптекарский ,д.15,муниципальный округ Басманный,1964
7620739,2281050,г Москва пер Аптекарский д.3/22,Москва,пер Аптекарский д.3/22,пер,Аптекарский ,д.3/22,муниципальный округ Басманный,1928
7620761,2281050,г Москва пер Аптекарский д.5/21,Москва,пер Аптекарский д.5/21,пер,Аптекарский ,д.5/21,муниципальный округ Басманный,1917
7620782,2281050,г Москва пер Аптекарский д.7,Москва,пер Аптекарский д.7,пер,Аптекарский ,д.7,муниципальный округ Басманный,1954
7621071,2281050,г Москва пер Аптекарский д.8,Москва,пер Аптекарский д.8,пер,Аптекарский ,д.8,муниципальный округ Басманный,1955
7621089,2281050,г Москва пер Аптекарский д.8/2,Москва,пер Аптекарский д.8/2,пер,Аптекарский ,д.8/2,муниципальный округ Басманный,1976
8198673,2281050,г Москва пер Армянский д.1/8 строение 1,Москва,пер Армянский д.1/8 строение 1,пер,Армянский ,д.1/8 строение 1,муниципальный округ Басманный,1903
8079312,2281050,"г Москва пер Армянский д.4 строение 1 А,Б",Москва,"пер Армянский д.4 строение 1 А,Б",пер,Армянский ,"д.4 строение 1 А,Б",муниципальный округ Басманный,1917
8096736,2281050,г Москва пер Армянский д.4 строение 1АБ,Москва,пер Армянский д.4 строение 1АБ,пер,Армянский ,д.4 строение 1АБ,муниципальный округ Басманный,1917
8096739,2281050,г Москва пер Армянский д.7,Москва,пер Армянский д.7,пер,Армянский ,д.7,муниципальный округ Басманный,1900
8096746,2281050,г Москва пер Архангельский д.11/16 строение 1,Москва,пер Архангельский д.11/16 строение 1,пер,Архангельский ,д.11/16 строение 1,муниципальный округ Басманный,1928
8096748,2281050,г Москва пер Архангельский д.11/16 строение 4,Москва,пер Архангельский д.11/16 строение 4,пер,Архангельский ,д.11/16 строение 4,муниципальный округ Басманный,1932
8096740,2281050,г Москва пер Архангельский д.7 строение 1,Москва,пер Архангельский д.7 строение 1,пер,Архангельский ,д.7 строение 1,муниципальный округ Басманный,1912
8096741,2281050,г Москва пер Архангельский д.8/2 строение 2,Москва,пер Архангельский д.8/2 строение 2,пер,Архангельский ,д.8/2 строение 2,муниципальный округ Басманный,1917
8096743,2281050,г Москва пер Архангельский д.8/2 строение 4,Москва,пер Архангельский д.8/2 строение 4,пер,Архангельский ,д.8/2 строение 4,муниципальный округ Басманный,1917
8096744,2281050,г Москва пер Архангельский д.8/2 строение 6,Москва,пер Архангельский д.8/2 строение 6,пер,Архангельский ,д.8/2 строение 6,муниципальный округ Басманный,1904
8096745,2281050,г Москва пер Архангельский д.9,Москва,пер Архангельский д.9,пер,Архангельский ,д.9,муниципальный округ Басманный,1913
7621938,2281050,г Москва пер Балакиревский д.2/26,Москва,пер Балакиревский д.2/26,пер,Балакиревский ,д.2/26,муниципальный округ Басманный,1917
8096760,2281050,г Москва пер Барашевский д.12 строение 2,Москва,пер Барашевский д.12 строение 2,пер,Барашевский ,д.12 строение 2,муниципальный округ Басманный,1860
8096832,2281050,г Москва пер Басманный 1-й д.12,Москва,пер Басманный 1-й д.12,пер,Басманный 1-й ,д.12,муниципальный округ Басманный,1920
8096830,2281050,г Москва пер Басманный 1-й д.4,Москва,пер Басманный 1-й д.4,пер,Басманный 1-й ,д.4,муниципальный округ Басманный,1913
7621971,2281050,г Москва пер Бригадирский д.3/5,Москва,пер Бригадирский д.3/5,пер,Бригадирский ,д.3/5,муниципальный округ Басманный,1974
8096843,2281050,г Москва пер Волховский д.2 строение 1,Москва,пер Волховский д.2 строение 1,пер,Волховский ,д.2 строение 1,муниципальный округ Басманный,1974
8096844,2281050,г Москва пер Волховский д.21/23,Москва,пер Волховский д.21/23,пер,Волховский ,д.21/23,муниципальный округ Басманный,1953
8096860,2281050,г Москва пер Гороховский д.11_13,Москва,пер Гороховский д.11_13,пер,Гороховский ,д.11_13,муниципальный округ Басманный,1972
8096861,2281050,г Москва пер Гороховский д.15,Москва,пер Гороховский д.15,пер,Гороховский ,д.15,муниципальный округ Басманный,1956
8096863,2281050,г Москва пер Гороховский д.16,Москва,пер Гороховский д.16,пер,Гороховский ,д.16,муниципальный округ Басманный,1915
8096864,2281050,г Москва пер Гороховский д.18/20 строение 1,Москва,пер Гороховский д.18/20 строение 1,пер,Гороховский ,д.18/20 строение 1,муниципальный округ Басманный,1959
7562204,2281050,г Москва пер Гороховский д.21,Москва,пер Гороховский д.21,пер,Гороховский ,д.21,муниципальный округ Басманный,1981
8096857,2281050,г Москва пер Гороховский д.8,Москва,пер Гороховский д.8,пер,Гороховский ,д.8,муниципальный округ Басманный,1972
8096858,2281050,г Москва пер Гороховский д.9 строение 1,Москва,пер Гороховский д.9 строение 1,пер,Гороховский ,д.9 строение 1,муниципальный округ Басманный,1957
8096898,2281050,г Москва пер Госпитальный д.8,Москва,пер Госпитальный д.8,пер,Госпитальный ,д.8,муниципальный округ Басманный,1968
8096911,2281050,г Москва пер Гусятников д.13/3,Москва,пер Гусятников д.13/3,пер,Гусятников ,д.13/3,муниципальный округ Басманный,1917
8096907,2281050,г Москва пер Гусятников д.3/1 строение 1,Москва,пер Гусятников д.3/1 строение 1,пер,Гусятников ,д.3/1 строение 1,муниципальный округ Басманный,1910
8096908,2281050,г Москва пер Гусятников д.4 строение 3,Москва,пер Гусятников д.4 строение 3,пер,Гусятников ,д.4 строение 3,муниципальный округ Басманный,1917
8096909,2281050,г Москва пер Гусятников д.4 строение 4,Москва,пер Гусятников д.4 строение 4,пер,Гусятников ,д.4 строение 4,муниципальный округ Басманный,1895
8096910,2281050,г Москва пер Гусятников д.9,Москва,пер Гусятников д.9,пер,Гусятников ,д.9,муниципальный округ Басманный,1924
8090019,2281050,г Москва пер Девяткин д.2,Москва,пер Девяткин д.2,пер,Девяткин ,д.2,муниципальный округ Басманный,1890
8090026,2281050,г Москва пер Девяткин д.4,Москва,пер Девяткин д.4,пер,Девяткин ,д.4,муниципальный округ Басманный,1917
7621913,2281050,г Москва пер Демидовский Б. д.10/28,Москва,пер Демидовский Б. д.10/28,пер,Демидовский Б. ,д.10/28,муниципальный округ Басманный,1917
8096912,2281050,г Москва пер Демидовский Б. д.9,Москва,пер Демидовский Б. д.9,пер,Демидовский Б. ,д.9,муниципальный округ Басманный,2007
8096913,2281050,г Москва пер Демидовский М. д.3,Москва,пер Демидовский М. д.3,пер,Демидовский М. ,д.3,муниципальный округ Басманный,1927
8024065,2281050,г Москва пер Денисовский д.22,Москва,пер Денисовский д.22,пер,Денисовский ,д.22,муниципальный округ Басманный,2004
7621972,2281050,г Москва пер Денисовский д.3/5,Москва,пер Денисовский д.3/5,пер,Денисовский ,д.3/5,муниципальный округ Басманный,1959
7621973,2281050,г Москва пер Денисовский д.8/14,Москва,пер Денисовский д.8/14,пер,Денисовский ,д.8/14,муниципальный округ Басманный,1960
7621974,2281050,г Москва пер Денисовский д.9,Москва,пер Денисовский д.9,пер,Денисовский ,д.9,муниципальный округ Басманный,1959
8096914,2281050,г Москва пер Дурасовский д.3 строение 1,Москва,пер Дурасовский д.3 строение 1,пер,Дурасовский ,д.3 строение 1,муниципальный округ Басманный,1900
8096915,2281050,г Москва пер Дурасовский д.9,Москва,пер Дурасовский д.9,пер,Дурасовский ,д.9,муниципальный округ Басманный,1975
8096916,2281050,г Москва пер Елизаветинский д.6 строение 1,Москва,пер Елизаветинский д.6 строение 1,пер,Елизаветинский ,д.6 строение 1,муниципальный округ Басманный,1960
8090090,2281050,г Москва пер Златоустинский Б. д.3/5 строение 1,Москва,пер Златоустинский Б. д.3/5 строение 1,пер,Златоустинский Б. ,д.3/5 строение 1,муниципальный округ Басманный,1924
8090089,2281050,г Москва пер Златоустинский Б. д.3А строение 2,Москва,пер Златоустинский Б. д.3А строение 2,пер,Златоустинский Б. ,д.3А строение 2,муниципальный округ Басманный,1917
8102863,2281050,г Москва пер Златоустинский М. д.10 строение 1,Москва,пер Златоустинский М. д.10 строение 1,пер,Златоустинский М. ,д.10 строение 1,муниципальный округ Басманный,1917
8090030,2281050,г Москва пер Златоустинский М. д.8 строение 1,Москва,пер Златоустинский М. д.8 строение 1,пер,Златоустинский М. ,д.8 строение 1,муниципальный округ Басманный,1890
8102864,2281050,г Москва пер Ивановский М. д.11/6 строение 1,Москва,пер Ивановский М. д.11/6 строение 1,пер,Ивановский М. ,д.11/6 строение 1,муниципальный округ Басманный,1917
8102865,2281050,г Москва пер Ивановский М. д.11/6 строение 2,Москва,пер Ивановский М. д.11/6 строение 2,пер,Ивановский М. ,д.11/6 строение 2,муниципальный округ Басманный,1917
8102866,2281050,г Москва пер Ивановский М. д.6/5 строение 1,Москва,пер Ивановский М. д.6/5 строение 1,пер,Ивановский М. ,д.6/5 строение 1,муниципальный округ Басманный,1880
8102867,2281050,г Москва пер Ирининский 2-й д.4 строение 1,Москва,пер Ирининский 2-й д.4 строение 1,пер,Ирининский 2-й ,д.4 строение 1,муниципальный округ Басманный,1957
8103492,2281050,г Москва пер Казарменный д.10 строение 1,Москва,пер Казарменный д.10 строение 1,пер,Казарменный ,д.10 строение 1,муниципальный округ Басманный,1917
8103496,2281050,г Москва пер Казарменный д.10 строение 2,Москва,пер Казарменный д.10 строение 2,пер,Казарменный ,д.10 строение 2,муниципальный округ Басманный,1917
7550740,2281050,г Москва пер Казарменный д.3,Москва,пер Казарменный д.3,пер,Казарменный ,д.3,муниципальный округ Басманный,2009
8103502,2281050,г Москва пер Казарменный д.3_5 строение 2,Москва,пер Казарменный д.3_5 строение 2,пер,Казарменный ,д.3_5 строение 2,муниципальный округ Басманный,1917
8103507,2281050,г Москва пер Казарменный д.4 строение 1,Москва,пер Казарменный д.4 строение 1,пер,Казарменный ,д.4 строение 1,муниципальный округ Басманный,1897
8103512,2281050,г Москва пер Казарменный д.4 строение 2,Москва,пер Казарменный д.4 строение 2,пер,Казарменный ,д.4 строение 2,муниципальный округ Басманный,1956
8103518,2281050,г Москва пер Казарменный д.4 строение 3,Москва,пер Казарменный д.4 строение 3,пер,Казарменный ,д.4 строение 3,муниципальный округ Басманный,1917
8103522,2281050,г Москва пер Казарменный д.6 строение 2,Москва,пер Казарменный д.6 строение 2,пер,Казарменный ,д.6 строение 2,муниципальный округ Басманный,1908
8103526,2281050,г Москва пер Казарменный д.8 строение 1,Москва,пер Казарменный д.8 строение 1,пер,Казарменный ,д.8 строение 1,муниципальный округ Басманный,1910
8103529,2281050,г Москва пер Казарменный д.8 строение 2,Москва,пер Казарменный д.8 строение 2,пер,Казарменный ,д.8 строение 2,муниципальный округ Басманный,1915
8103536,2281050,г Москва пер Казарменный д.8 строение 3,Москва,пер Казарменный д.8 строение 3,пер,Казарменный ,д.8 строение 3,муниципальный округ Басманный,1917
8103560,2281050,г Москва пер Казенный Б. д.1/2 строение 1,Москва,пер Казенный Б. д.1/2 строение 1,пер,Казенный Б. ,д.1/2 строение 1,муниципальный округ Басманный,1860
8103565,2281050,г Москва пер Казенный Б. д.10 строение 1,Москва,пер Казенный Б. д.10 строение 1,пер,Казенный Б. ,д.10 строение 1,муниципальный округ Басманный,1880
8103570,2281050,г Москва пер Казенный Б. д.10 строение 2,Москва,пер Казенный Б. д.10 строение 2,пер,Казенный Б. ,д.10 строение 2,муниципальный округ Басманный,1880
8103575,2281050,г Москва пер Казенный Б. д.2,Москва,пер Казенный Б. д.2,пер,Казенный Б. ,д.2,муниципальный округ Басманный,1997
8103579,2281050,г Москва пер Казенный Б. д.4,Москва,пер Казенный Б. д.4,пер,Казенный Б. ,д.4,муниципальный округ Басманный,1972
8103584,2281050,г Москва пер Казенный Б. д.5,Москва,пер Казенный Б. д.5,пер,Казенный Б. ,д.5,муниципальный округ Басманный,1914
8103590,2281050,г Москва пер Казенный Б. д.5а,Москва,пер Казенный Б. д.5а,пер,Казенный Б. ,д.5а,муниципальный округ Басманный,1954
8103617,2281050,г Москва пер Казенный Б. д.6 строение 1,Москва,пер Казенный Б. д.6 строение 1,пер,Казенный Б. ,д.6 строение 1,муниципальный округ Басманный,1971
8103596,2281050,г Москва пер Казенный Б. д.7,Москва,пер Казенный Б. д.7,пер,Казенный Б. ,д.7,муниципальный округ Басманный,1949
8103605,2281050,г Москва пер Казенный Б. д.8 строение 2,Москва,пер Казенный Б. д.8 строение 2,пер,Казенный Б. ,д.8 строение 2,муниципальный округ Басманный,1914
8284847,2281050,г Москва пер Казенный М. д.10,Москва,пер Казенный М. д.10,пер,Казенный М. ,д.10,муниципальный округ Басманный,1914
8285054,2281050,г Москва пер Казенный М. д.12 строение 1,Москва,пер Казенный М. д.12 строение 1,пер,Казенный М. ,д.12 строение 1,муниципальный округ Басманный,1914
8285059,2281050,г Москва пер Казенный М. д.12 строение 2,Москва,пер Казенный М. д.12 строение 2,пер,Казенный М. ,д.12 строение 2,муниципальный округ Басманный,1914
8285062,2281050,г Москва пер Казенный М. д.16,Москва,пер Казенный М. д.16,пер,Казенный М. ,д.16,муниципальный округ Басманный,1917
8103619,2281050,г Москва пер Казенный М. д.2/1 строение 2,Москва,пер Казенный М. д.2/1 строение 2,пер,Казенный М. ,д.2/1 строение 2,муниципальный округ Басманный,1870
8103625,2281050,г Москва пер Казенный М. д.4_6 строение 1,Москва,пер Казенный М. д.4_6 строение 1,пер,Казенный М. ,д.4_6 строение 1,муниципальный округ Басманный,1958
8103629,2281050,г Москва пер Казенный М. д.8,Москва,пер Казенный М. д.8,пер,Казенный М. ,д.8,муниципальный округ Басманный,1914
8090137,2281050,г Москва пер Козловский Б. д.10 строение 1,Москва,пер Козловский Б. д.10 строение 1,пер,Козловский Б. ,д.10 строение 1,муниципальный округ Басманный,1957
8090143,2281050,г Москва пер Козловский Б. д.10 строение 3,Москва,пер Козловский Б. д.10 строение 3,пер,Козловский Б. ,д.10 строение 3,муниципальный округ Басманный,1917
8103630,2281050,г Москва пер Козловский Б. д.11 строение 1,Москва,пер Козловский Б. д.11 строение 1,пер,Козловский Б. ,д.11 строение 1,муниципальный округ Басманный,1927
8090042,2281050,г Москва пер Козловский Б. д.11 строение 2,Москва,пер Козловский Б. д.11 строение 2,пер,Козловский Б. ,д.11 строение 2,муниципальный округ Басманный,1927
8090138,2281050,г Москва пер Козловский Б. д.12,Москва,пер Козловский Б. д.12,пер,Козловский Б. ,д.12,муниципальный округ Басманный,1912
8244714,2281050,г Москва пер Козловский Б. д.3/2,Москва,пер Козловский Б. д.3/2,пер,Козловский Б. ,д.3/2,муниципальный округ Басманный,1904
8090079,2281050,г Москва пер Козловский Б. д.7,Москва,пер Козловский Б. д.7,пер,Козловский Б. ,д.7,муниципальный округ Басманный,1927
8090144,2281050,г Москва пер Козловский Б. д.8 строение 1,Москва,пер Козловский Б. д.8 строение 1,пер,Козловский Б. ,д.8 строение 1,муниципальный округ Басманный,1910
8103638,2281050,г Москва пер Козловский М. д.10,Москва,пер Козловский М. д.10,пер,Козловский М. ,д.10,муниципальный округ Басманный,1957
8103641,2281050,г Москва пер Козловский М. д.6,Москва,пер Козловский М. д.6,пер,Козловский М. ,д.6,муниципальный округ Басманный,1953
8103646,2281050,г Москва пер Козловский М. д.8 строение 1,Москва,пер Козловский М. д.8 строение 1,пер,Козловский М. ,д.8 строение 1,муниципальный округ Басманный,1955
8103652,2281050,г Москва пер Колпачный д.6 строение 4,Москва,пер Колпачный д.6 строение 4,пер,Колпачный ,д.6 строение 4,муниципальный округ Басманный,1931
8090071,2281050,г Москва пер Колпачный д.6 строение 5,Москва,пер Колпачный д.6 строение 5,пер,Колпачный ,д.6 строение 5,муниципальный округ Басманный,1917
8103655,2281050,г Москва пер Кривоколенный д.10,Москва,пер Кривоколенный д.10,пер,Кривоколенный ,д.10,муниципальный округ Басманный,1860
8103659,2281050,г Москва пер Кривоколенный д.10 строение 2,Москва,пер Кривоколенный д.10 строение 2,пер,Кривоколенный ,д.10 строение 2,муниципальный округ Басманный,1860
8103662,2281050,г Москва пер Кривоколенный д.11/13 строение 1,Москва,пер Кривоколенный д.11/13 строение 1,пер,Кривоколенный ,д.11/13 строение 1,муниципальный округ Басманный,1880
8103668,2281050,г Москва пер Кривоколенный д.14 строение 1,Москва,пер Кривоколенный д.14 строение 1,пер,Кривоколенный ,д.14 строение 1,муниципальный округ Басманный,1912
8133155,2281050,г Москва пер Кривоколенный д.5,Москва,пер Кривоколенный д.5,пер,Кривоколенный ,д.5,муниципальный округ Басманный,2004
7622010,2281050,г Москва пер Лефортовский д.4 строение 3,Москва,пер Лефортовский д.4 строение 3,пер,Лефортовский ,д.4 строение 3,муниципальный округ Басманный,1915
7622012,2281050,г Москва пер Лефортовский д.5/7 строение 4,Москва,пер Лефортовский д.5/7 строение 4,пер,Лефортовский ,д.5/7 строение 4,муниципальный округ Басманный,1957
8103700,2281050,г Москва пер Лучников д.7/4 строение 5,Москва,пер Лучников д.7/4 строение 5,пер,Лучников ,д.7/4 строение 5,муниципальный округ Басманный,1905
8103702,2281050,г Москва пер Лучников д.7/4 строение 6,Москва,пер Лучников д.7/4 строение 6,пер,Лучников ,д.7/4 строение 6,муниципальный округ Басманный,1905
8103712,2281050,г Москва пер Лялин д.11_13 строение 1,Москва,пер Лялин д.11_13 строение 1,пер,Лялин ,д.11_13 строение 1,муниципальный округ Басманный,1917
8103717,2281050,г Москва пер Лялин д.11_13 строение 2,Москва,пер Лялин д.11_13 строение 2,пер,Лялин ,д.11_13 строение 2,муниципальный округ Басманный,1914
8103725,2281050,г Москва пер Лялин д.14 строение 1,Москва,пер Лялин д.14 строение 1,пер,Лялин ,д.14 строение 1,муниципальный округ Басманный,1896
8103728,2281050,г Москва пер Лялин д.14 строение 2,Москва,пер Лялин д.14 строение 2,пер,Лялин ,д.14 строение 2,муниципальный округ Басманный,1926
8103733,2281050,г Москва пер Лялин д.20,Москва,пер Лялин д.20,пер,Лялин ,д.20,муниципальный округ Басманный,1914
8103735,2281050,г Москва пер Лялин д.22,Москва,пер Лялин д.22,пер,Лялин ,д.22,муниципальный округ Басманный,1914
8103737,2281050,г Москва пер Лялин д.23/29 строение 1,Москва,пер Лялин д.23/29 строение 1,пер,Лялин ,д.23/29 строение 1,муниципальный округ Басманный,1958
8103744,2281050,г Москва пер Лялин д.24_26 строение 2,Москва,пер Лялин д.24_26 строение 2,пер,Лялин ,д.24_26 строение 2,муниципальный округ Басманный,1956
8103748,2281050,г Москва пер Лялин д.24_26 строение 2А,Москва,пер Лялин д.24_26 строение 2А,пер,Лялин ,д.24_26 строение 2А,муниципальный округ Басманный,1956
8103749,2281050,г Москва пер Лялин д.5 строение 1,Москва,пер Лялин д.5 строение 1,пер,Лялин ,д.5 строение 1,муниципальный округ Басманный,1917
8103751,2281050,г Москва пер Лялин д.7/2 строение 1,Москва,пер Лялин д.7/2 строение 1,пер,Лялин ,д.7/2 строение 1,муниципальный округ Басманный,1904
8103756,2281050,г Москва пер Лялин д.8 строение 1,Москва,пер Лялин д.8 строение 1,пер,Лялин ,д.8 строение 1,муниципальный округ Басманный,1910
8103760,2281050,г Москва пер Лялин д.8 строение 2,Москва,пер Лялин д.8 строение 2,пер,Лялин ,д.8 строение 2,муниципальный округ Басманный,1910
8103765,2281050,г Москва пер Лялин д.9 строение 1,Москва,пер Лялин д.9 строение 1,пер,Лялин ,д.9 строение 1,муниципальный округ Басманный,1896
8103768,2281050,г Москва пер Лялин д.9 строение 3,Москва,пер Лялин д.9 строение 3,пер,Лялин ,д.9 строение 3,муниципальный округ Басманный,1955
7622013,2281050,г Москва пер Налесный д.9/11,Москва,пер Налесный д.9/11,пер,Налесный ,д.9/11,муниципальный округ Басманный,1956
8104016,2281050,г Москва пер Огородная Слобода д.10,Москва,пер Огородная Слобода д.10,пер,Огородная Слобода ,д.10,муниципальный округ Басманный,1960
8104023,2281050,г Москва пер Огородная Слобода д.12,Москва,пер Огородная Слобода д.12,пер,Огородная Слобода ,д.12,муниципальный округ Басманный,1935
8104026,2281050,г Москва пер Огородная Слобода д.14,Москва,пер Огородная Слобода д.14,пер,Огородная Слобода ,д.14,муниципальный округ Басманный,1937
7639819,2281050,г Москва пер Огородная Слобода д.3,Москва,пер Огородная Слобода д.3,пер,Огородная Слобода ,д.3,муниципальный округ Басманный,1995
7622023,2281050,г Москва пер Переведеновский д.12,Москва,пер Переведеновский д.12,пер,Переведеновский ,д.12,муниципальный округ Басманный,1971
7622025,2281050,г Москва пер Переведеновский д.16,Москва,пер Переведеновский д.16,пер,Переведеновский ,д.16,муниципальный округ Басманный,1917
7622027,2281050,г Москва пер Переведеновский д.16 строение 4,Москва,пер Переведеновский д.16 строение 4,пер,Переведеновский ,д.16 строение 4,муниципальный округ Басманный,1917
7622029,2281050,г Москва пер Переведеновский д.22,Москва,пер Переведеновский д.22,пер,Переведеновский ,д.22,муниципальный округ Басманный,1957
8104028,2281050,г Москва пер Переведеновский д.3 строение 1,Москва,пер Переведеновский д.3 строение 1,пер,Переведеновский ,д.3 строение 1,муниципальный округ Басманный,1984
8104030,2281050,г Москва пер Переведеновский д.4 строение 1,Москва,пер Переведеновский д.4 строение 1,пер,Переведеновский ,д.4 строение 1,муниципальный округ Басманный,1916
7622030,2281050,г Москва пер Переведеновский д.4 строение 2,Москва,пер Переведеновский д.4 строение 2,пер,Переведеновский ,д.4 строение 2,муниципальный округ Басманный,1917
8104038,2281050,г Москва пер Переведеновский д.6 строение 3,Москва,пер Переведеновский д.6 строение 3,пер,Переведеновский ,д.6 строение 3,муниципальный округ Басманный,1955
7622032,2281050,г Москва пер Переведеновский д.7/7,Москва,пер Переведеновский д.7/7,пер,Переведеновский ,д.7/7,муниципальный округ Басманный,1982
7622034,2281050,г Москва пер Переведеновский д.9,Москва,пер Переведеновский д.9,пер,Переведеновский ,д.9,муниципальный округ Басманный,1984
8104039,2281050,г Москва пер Петроверигский д.3 строение 1,Москва,пер Петроверигский д.3 строение 1,пер,Петроверигский ,д.3 строение 1,муниципальный округ Басманный,1954
8104048,2281050,г Москва пер Петроверигский д.6_8 строение 4,Москва,пер Петроверигский д.6_8 строение 4,пер,Петроверигский ,д.6_8 строение 4,муниципальный округ Басманный,1900
7622035,2281050,г Москва пер Плетешковский д.10,Москва,пер Плетешковский д.10,пер,Плетешковский ,д.10,муниципальный округ Басманный,1910
7622036,2281050,г Москва пер Плетешковский д.12/16,Москва,пер Плетешковский д.12/16,пер,Плетешковский ,д.12/16,муниципальный округ Басманный,1973
7622037,2281050,г Москва пер Плетешковский д.15,Москва,пер Плетешковский д.15,пер,Плетешковский ,д.15,муниципальный округ Басманный,1973
7622039,2281050,г Москва пер Плетешковский д.17 строение 1,Москва,пер Плетешковский д.17 строение 1,пер,Плетешковский ,д.17 строение 1,муниципальный округ Басманный,1983
7622042,2281050,г Москва пер Плетешковский д.18/20 кор.1,Москва,пер Плетешковский д.18/20 кор.1,пер,Плетешковский ,д.18/20 кор.1,муниципальный округ Басманный,1966
7622043,2281050,г Москва пер Плетешковский д.18/20 кор.2,Москва,пер Плетешковский д.18/20 кор.2,пер,Плетешковский ,д.18/20 кор.2,муниципальный округ Басманный,1966
7622045,2281050,г Москва пер Плетешковский д.3А строение 1,Москва,пер Плетешковский д.3А строение 1,пер,Плетешковский ,д.3А строение 1,муниципальный округ Басманный,1929
7622046,2281050,г Москва пер Плетешковский д.3А строение 1А,Москва,пер Плетешковский д.3А строение 1А,пер,Плетешковский ,д.3А строение 1А,муниципальный округ Басманный,1957
7622047,2281050,г Москва пер Плетешковский д.6 строение 1,Москва,пер Плетешковский д.6 строение 1,пер,Плетешковский ,д.6 строение 1,муниципальный округ Басманный,1917
7622048,2281050,г Москва пер Плетешковский д.7/9 строение 1,Москва,пер Плетешковский д.7/9 строение 1,пер,Плетешковский ,д.7/9 строение 1,муниципальный округ Басманный,1958
7622049,2281050,г Москва пер Плетешковский д.8 строение 1,Москва,пер Плетешковский д.8 строение 1,пер,Плетешковский ,д.8 строение 1,муниципальный округ Басманный,1962
7622051,2281050,г Москва пер Плетешковский д.8 строение 2,Москва,пер Плетешковский д.8 строение 2,пер,Плетешковский ,д.8 строение 2,муниципальный округ Басманный,1917
8104052,2281050,г Москва пер Подкопаевский д.11 строение 1,Москва,пер Подкопаевский д.11 строение 1,пер,Подкопаевский ,д.11 строение 1,муниципальный округ Басманный,1998
8104057,2281050,г Москва пер Подкопаевский д.11/11 строение 2,Москва,пер Подкопаевский д.11/11 строение 2,пер,Подкопаевский ,д.11/11 строение 2,муниципальный округ Басманный,1890
8104061,2281050,г Москва пер Подкопаевский д.8/13,Москва,пер Подкопаевский д.8/13,пер,Подкопаевский ,д.8/13,муниципальный округ Басманный,1900
8104064,2281050,г Москва пер Подкопаевский д.9 строение 1,Москва,пер Подкопаевский д.9 строение 1,пер,Подкопаевский ,д.9 строение 1,муниципальный округ Басманный,1875
8104067,2281050,г Москва пер Подсосенский д.12 строение 1,Москва,пер Подсосенский д.12 строение 1,пер,Подсосенский ,д.12 строение 1,муниципальный округ Басманный,1966
8104071,2281050,г Москва пер Подсосенский д.13,Москва,пер Подсосенский д.13,пер,Подсосенский ,д.13,муниципальный округ Басманный,1927
8104079,2281050,г Москва пер Подсосенский д.14 строение 1,Москва,пер Подсосенский д.14 строение 1,пер,Подсосенский ,д.14 строение 1,муниципальный округ Басманный,1912
8104086,2281050,г Москва пер Подсосенский д.14 строение 2,Москва,пер Подсосенский д.14 строение 2,пер,Подсосенский ,д.14 строение 2,муниципальный округ Басманный,1912
8104092,2281050,г Москва пер Подсосенский д.18/5 строение 1,Москва,пер Подсосенский д.18/5 строение 1,пер,Подсосенский ,д.18/5 строение 1,муниципальный округ Басманный,1917
8104095,2281050,г Москва пер Подсосенский д.19/28,Москва,пер Подсосенский д.19/28,пер,Подсосенский ,д.19/28,муниципальный округ Басманный,1909
8104100,2281050,г Москва пер Подсосенский д.22,Москва,пер Подсосенский д.22,пер,Подсосенский ,д.22,муниципальный округ Басманный,1912
8104104,2281050,г Москва пер Подсосенский д.24,Москва,пер Подсосенский д.24,пер,Подсосенский ,д.24,муниципальный округ Басманный,1915
7687770,2281050,г Москва пер Подсосенский д.3,Москва,пер Подсосенский д.3,пер,Подсосенский ,д.3,муниципальный округ Басманный,2008
8104110,2281050,г Москва пер Подсосенский д.5А,Москва,пер Подсосенский д.5А,пер,Подсосенский ,д.5А,муниципальный округ Басманный,2003
8090087,2281050,г Москва пер Подсосенский д.6 строение 1,Москва,пер Подсосенский д.6 строение 1,пер,Подсосенский ,д.6 строение 1,муниципальный округ Басманный,1902
8090056,2281050,г Москва пер Подсосенский д.8 строение 2,Москва,пер Подсосенский д.8 строение 2,пер,Подсосенский ,д.8 строение 2,муниципальный округ Басманный,1917
8090062,2281050,г Москва пер Подсосенский д.8 строение 3,Москва,пер Подсосенский д.8 строение 3,пер,Подсосенский ,д.8 строение 3,муниципальный округ Басманный,1955
8090058,2281050,г Москва пер Подсосенский д.8А строение 2,Москва,пер Подсосенский д.8А строение 2,пер,Подсосенский ,д.8А строение 2,муниципальный округ Басманный,1965
8104115,2281050,г Москва пер Подсосенский д.9,Москва,пер Подсосенский д.9,пер,Подсосенский ,д.9,муниципальный округ Басманный,1915
7622052,2281050,г Москва пер Посланников д.11/14,Москва,пер Посланников д.11/14,пер,Посланников ,д.11/14,муниципальный округ Басманный,1969
7622053,2281050,г Москва пер Посланников д.3 строение 5,Москва,пер Посланников д.3 строение 5,пер,Посланников ,д.3 строение 5,муниципальный округ Басманный,1999
8057199,2281050,г Москва пер Посланников д.9 строение 2,Москва,пер Посланников д.9 строение 2,пер,Посланников ,д.9 строение 2,муниципальный округ Басманный,1917
8090073,2281050,г Москва пер Потаповский д.10,Москва,пер Потаповский д.10,пер,Потаповский ,д.10,муниципальный округ Басманный,1913
8090075,2281050,г Москва пер Потаповский д.12,Москва,пер Потаповский д.12,пер,Потаповский ,д.12,муниципальный округ Басманный,1914
7562190,2281050,г Москва пер Потаповский д.14,Москва,пер Потаповский д.14,пер,Потаповский ,д.14,муниципальный округ Басманный,1955
8090116,2281050,г Москва пер Потаповский д.8/12 кор.1,Москва,пер Потаповский д.8/12 кор.1,пер,Потаповский ,д.8/12 кор.1,муниципальный округ Басманный,1917
8090117,2281050,г Москва пер Потаповский д.8/12 кор.4,Москва,пер Потаповский д.8/12 кор.4,пер,Потаповский ,д.8/12 кор.4,муниципальный округ Басманный,1917
8104245,2281050,г Москва пер Рубцов д.16 строение 1,Москва,пер Рубцов д.16 строение 1,пер,Рубцов ,д.16 строение 1,муниципальный округ Басманный,1961
8102869,2281050,г Москва пер Рубцов д.4 строение 1,Москва,пер Рубцов д.4 строение 1,пер,Рубцов ,д.4 строение 1,муниципальный округ Басманный,1958
8102903,2281050,г Москва пер Сверчков д.10 строение 1,Москва,пер Сверчков д.10 строение 1,пер,Сверчков ,д.10 строение 1,муниципальный округ Басманный,1917
8103661,2281050,г Москва пер Спартаковский д.24 строение 1,Москва,пер Спартаковский д.24 строение 1,пер,Спартаковский ,д.24 строение 1,муниципальный округ Басманный,1965
7622065,2281050,г Москва пер Спартаковский д.26,Москва,пер Спартаковский д.26,пер,Спартаковский ,д.26,муниципальный округ Басманный,1982
8103665,2281050,г Москва пер Спартаковский д.26 строение 2,Москва,пер Спартаковский д.26 строение 2,пер,Спартаковский ,д.26 строение 2,муниципальный округ Басманный,1914
8090119,2281050,г Москва пер Спасоглинищевский Б. д.6/1,Москва,пер Спасоглинищевский Б. д.6/1,пер,Спасоглинищевский Б. ,д.6/1,муниципальный округ Басманный,1936
8103673,2281050,г Москва пер Спасоглинищевский Б. д.8 строение 4,Москва,пер Спасоглинищевский Б. д.8 строение 4,пер,Спасоглинищевский Б. ,д.8 строение 4,муниципальный округ Басманный,1920
7622066,2281050,г Москва пер Старокирочный д.14,Москва,пер Старокирочный д.14,пер,Старокирочный ,д.14,муниципальный округ Басманный,1910
7622068,2281050,г Москва пер Старокирочный д.16/2 строение 1,Москва,пер Старокирочный д.16/2 строение 1,пер,Старокирочный ,д.16/2 строение 1,муниципальный округ Басманный,1959
7622069,2281050,г Москва пер Старокирочный д.16/2 строение 2,Москва,пер Старокирочный д.16/2 строение 2,пер,Старокирочный ,д.16/2 строение 2,муниципальный округ Басманный,1959
7622071,2281050,г Москва пер Старокирочный д.16/2 строение 5,Москва,пер Старокирочный д.16/2 строение 5,пер,Старокирочный ,д.16/2 строение 5,муниципальный округ Басманный,1960
8103678,2281050,г Москва пер Старосадский д.10 строение 1,Москва,пер Старосадский д.10 строение 1,пер,Старосадский ,д.10 строение 1,муниципальный округ Басманный,1860
8090076,2281050,г Москва пер Старосадский д.6/12 строение 1,Москва,пер Старосадский д.6/12 строение 1,пер,Старосадский ,д.6/12 строение 1,муниципальный округ Басманный,1915
8103684,2281050,г Москва пер Старосадский д.7/10 строение 8,Москва,пер Старосадский д.7/10 строение 8,пер,Старосадский ,д.7/10 строение 8,муниципальный округ Басманный,1917
8103688,2281050,г Москва пер Старосадский д.9,Москва,пер Старосадский д.9,пер,Старосадский ,д.9,муниципальный округ Басманный,1900
8103693,2281050,г Москва пер Сусальный Ниж. д.3,Москва,пер Сусальный Ниж. д.3,пер,Сусальный Ниж. ,д.3,муниципальный округ Басманный,1963
8103715,2281050,г Москва пер Сыромятнический 4-й д.3/5 строение 3,Москва,пер Сыромятнический 4-й д.3/5 строение 3,пер,Сыромятнический 4-й ,д.3/5 строение 3,муниципальный округ Басманный,1927
8103719,2281050,г Москва пер Сыромятнический 4-й д.3/5 строение 4,Москва,пер Сыромятнический 4-й д.3/5 строение 4,пер,Сыромятнический 4-й ,д.3/5 строение 4,муниципальный округ Басманный,1917
8103732,2281050,г Москва пер Токмаков д.10 строение 3,Москва,пер Токмаков д.10 строение 3,пер,Токмаков ,д.10 строение 3,муниципальный округ Басманный,1965
8103734,2281050,г Москва пер Токмаков д.12/20,Москва,пер Токмаков д.12/20,пер,Токмаков ,д.12/20,муниципальный округ Басманный,1995
7622072,2281050,г Москва пер Токмаков д.13/15,Москва,пер Токмаков д.13/15,пер,Токмаков ,д.13/15,муниципальный округ Басманный,1972
8103736,2281050,г Москва пер Токмаков д.16 строение 1,Москва,пер Токмаков д.16 строение 1,пер,Токмаков ,д.16 строение 1,муниципальный округ Басманный,1952
8103739,2281050,г Москва пер Токмаков д.20/31 строение 1,Москва,пер Токмаков д.20/31 строение 1,пер,Токмаков ,д.20/31 строение 1,муниципальный округ Басманный,1958
7622073,2281050,г Москва пер Токмаков д.3/5,Москва,пер Токмаков д.3/5,пер,Токмаков ,д.3/5,муниципальный округ Басманный,1966
7622075,2281050,г Москва пер Токмаков д.7,Москва,пер Токмаков д.7,пер,Токмаков ,д.7,муниципальный округ Басманный,1917
8103745,2281050,г Москва пер Трехсвятительский Б. д.1,Москва,пер Трехсвятительский Б. д.1,пер,Трехсвятительский Б. ,д.1,муниципальный округ Басманный,1820
8103790,2281050,г Москва пер Фурманный д.1/5,Москва,пер Фурманный д.1/5,пер,Фурманный ,д.1/5,муниципальный округ Басманный,1885
8090154,2281050,г Москва пер Фурманный д.10,Москва,пер Фурманный д.10,пер,Фурманный ,д.10,муниципальный округ Басманный,1917
8103799,2281050,г Москва пер Фурманный д.12 строение 1,Москва,пер Фурманный д.12 строение 1,пер,Фурманный ,д.12 строение 1,муниципальный округ Басманный,1967
8103805,2281050,г Москва пер Фурманный д.15 строение 1,Москва,пер Фурманный д.15 строение 1,пер,Фурманный ,д.15 строение 1,муниципальный округ Басманный,1928
8090175,2281050,г Москва пер Фурманный д.16 строение 1,Москва,пер Фурманный д.16 строение 1,пер,Фурманный ,д.16 строение 1,муниципальный округ Басманный,1917
8090177,2281050,г Москва пер Фурманный д.16 строение 3,Москва,пер Фурманный д.16 строение 3,пер,Фурманный ,д.16 строение 3,муниципальный округ Басманный,1913
8090181,2281050,г Москва пер Фурманный д.18,Москва,пер Фурманный д.18,пер,Фурманный ,д.18,муниципальный округ Басманный,1917
8128652,2281050,г Москва пер Фурманный д.2/7 строение 1,Москва,пер Фурманный д.2/7 строение 1,пер,Фурманный ,д.2/7 строение 1,муниципальный округ Басманный,2000
8090179,2281050,г Москва пер Фурманный д.20,Москва,пер Фурманный д.20,пер,Фурманный ,д.20,муниципальный округ Басманный,1909
8103808,2281050,г Москва пер Фурманный д.22 строение 1,Москва,пер Фурманный д.22 строение 1,пер,Фурманный ,д.22 строение 1,муниципальный округ Басманный,1909
8090184,2281050,г Москва пер Фурманный д.22 строение 2,Москва,пер Фурманный д.22 строение 2,пер,Фурманный ,д.22 строение 2,муниципальный округ Басманный,1910
8103813,2281050,г Москва пер Фурманный д.24,Москва,пер Фурманный д.24,пер,Фурманный ,д.24,муниципальный округ Басманный,1914
8103815,2281050,г Москва пер Фурманный д.3,Москва,пер Фурманный д.3,пер,Фурманный ,д.3,муниципальный округ Басманный,1917
8103817,2281050,г Москва пер Фурманный д.5,Москва,пер Фурманный д.5,пер,Фурманный ,д.5,муниципальный округ Басманный,1917
8103819,2281050,г Москва пер Фурманный д.6,Москва,пер Фурманный д.6,пер,Фурманный ,д.6,муниципальный округ Басманный,1903
8103821,2281050,г Москва пер Фурманный д.7,Москва,пер Фурманный д.7,пер,Фурманный ,д.7,муниципальный округ Басманный,1912
8211730,2281050,г Москва пер Фурманный д.8 строение 2,Москва,пер Фурманный д.8 строение 2,пер,Фурманный ,д.8 строение 2,муниципальный округ Басманный,2007
8103824,2281050,г Москва пер Харитоньевский Б. д.12А,Москва,пер Харитоньевский Б. д.12А,пер,Харитоньевский Б. ,д.12А,муниципальный округ Басманный,1890
8090149,2281050,г Москва пер Харитоньевский Б. д.13а строение 10,Москва,пер Харитоньевский Б. д.13а строение 10,пер,Харитоньевский Б. ,д.13а строение 10,муниципальный округ Басманный,1890
8103828,2281050,г Москва пер Харитоньевский Б. д.14,Москва,пер Харитоньевский Б. д.14,пер,Харитоньевский Б. ,д.14,муниципальный округ Басманный,1908
8201058,2281050,г Москва пер Харитоньевский Б. д.16/18,Москва,пер Харитоньевский Б. д.16/18,пер,Харитоньевский Б. ,д.16/18,муниципальный округ Басманный,2001
8103834,2281050,г Москва пер Харитоньевский Б. д.20/2,Москва,пер Харитоньевский Б. д.20/2,пер,Харитоньевский Б. ,д.20/2,муниципальный округ Басманный,1900
7713608,2281050,г Москва пер Харитоньевский Б. д.5/7 кор.1,Москва,пер Харитоньевский Б. д.5/7 кор.1,пер,Харитоньевский Б. ,д.5/7 кор.1,муниципальный округ Басманный,1975
8090129,2281050,г Москва пер Харитоньевский М. д.7 строение 1,Москва,пер Харитоньевский М. д.7 строение 1,пер,Харитоньевский М. ,д.7 строение 1,муниципальный округ Басманный,1890
8090131,2281050,г Москва пер Харитоньевский М. д.7 строение 2,Москва,пер Харитоньевский М. д.7 строение 2,пер,Харитоньевский М. ,д.7 строение 2,муниципальный округ Басманный,1890
8090133,2281050,г Москва пер Харитоньевский М. д.7 строение 3,Москва,пер Харитоньевский М. д.7 строение 3,пер,Харитоньевский М. ,д.7 строение 3,муниципальный округ Басманный,1890
8090135,2281050,г Москва пер Харитоньевский М. д.7 строение 4,Москва,пер Харитоньевский М. д.7 строение 4,пер,Харитоньевский М. ,д.7 строение 4,муниципальный округ Басманный,1890
8103848,2281050,г Москва пер Харитоньевский М. д.8/18 строение 1,Москва,пер Харитоньевский М. д.8/18 строение 1,пер,Харитоньевский М. ,д.8/18 строение 1,муниципальный округ Басманный,1957
8103851,2281050,г Москва пер Хитровский д.3/1 строение 1,Москва,пер Хитровский д.3/1 строение 1,пер,Хитровский ,д.3/1 строение 1,муниципальный округ Басманный,1870
8103869,2281050,г Москва пер Хохловский д.10 строение 7,Москва,пер Хохловский д.10 строение 7,пер,Хохловский ,д.10 строение 7,муниципальный округ Басманный,1966
8090122,2281050,г Москва пер Хохловский д.11 строение 1,Москва,пер Хохловский д.11 строение 1,пер,Хохловский ,д.11 строение 1,муниципальный округ Басманный,1930
8090123,2281050,г Москва пер Хохловский д.14 строение 2,Москва,пер Хохловский д.14 строение 2,пер,Хохловский ,д.14 строение 2,муниципальный округ Басманный,1914
8103871,2281050,г Москва пер Хохловский д.15 строение 1,Москва,пер Хохловский д.15 строение 1,пер,Хохловский ,д.15 строение 1,муниципальный округ Басманный,1930
8103878,2281050,г Москва пер Хохловский д.18 строение 1,Москва,пер Хохловский д.18 строение 1,пер,Хохловский ,д.18 строение 1,муниципальный округ Басманный,1900
8103885,2281050,г Москва пер Хохловский д.3 строение 1,Москва,пер Хохловский д.3 строение 1,пер,Хохловский ,д.3 строение 1,муниципальный округ Басманный,1860
7622078,2281050,г Москва пер Центросоюзный д.4,Москва,пер Центросоюзный д.4,пер,Центросоюзный ,д.4,муниципальный округ Басманный,1972
7622082,2281050,г Москва пер Центросоюзный д.8/9,Москва,пер Центросоюзный д.8/9,пер,Центросоюзный ,д.8/9,муниципальный округ Басманный,1979
8104022,2281050,г Москва пер Яковоапостольский д.11_13 строение 1,Москва,пер Яковоапостольский д.11_13 строение 1,пер,Яковоапостольский ,д.11_13 строение 1,муниципальный округ Басманный,1909
8104027,2281050,г Москва пер Яковоапостольский д.15,Москва,пер Яковоапостольский д.15,пер,Яковоапостольский ,д.15,муниципальный округ Басманный,1913
8104033,2281050,г Москва пер Яковоапостольский д.17,Москва,пер Яковоапостольский д.17,пер,Яковоапостольский ,д.17,муниципальный округ Басманный,1957
8104036,2281050,г Москва пер Яковоапостольский д.9 строение 1,Москва,пер Яковоапостольский д.9 строение 1,пер,Яковоапостольский ,д.9 строение 1,муниципальный округ Басманный,1860
8104041,2281050,г Москва пер Яковоапостольский д.9 строение 3,Москва,пер Яковоапостольский д.9 строение 3,пер,Яковоапостольский ,д.9 строение 3,муниципальный округ Басманный,1997
8103660,2281050,г Москва пл Спартаковская д.1/2,Москва,пл Спартаковская д.1/2,пл,Спартаковская ,д.1/2,муниципальный округ Басманный,1959
8096855,2281050,г Москва проезд Гольяновский д.4а строение 1,Москва,проезд Гольяновский д.4а строение 1,проезд,Гольяновский ,д.4а строение 1,муниципальный округ Басманный,1960
8096856,2281050,г Москва проезд Гольяновский д.5 строение 1,Москва,проезд Гольяновский д.5 строение 1,проезд,Гольяновский ,д.5 строение 1,муниципальный округ Басманный,1936
7621998,2281050,г Москва проезд Елоховский д.1,Москва,проезд Елоховский д.1,проезд,Елоховский ,д.1,муниципальный округ Басманный,1900
8152348,2281050,г Москва проезд Елоховский д.1 строение 2,Москва,проезд Елоховский д.1 строение 2,проезд,Елоховский ,д.1 строение 2,муниципальный округ Басманный,1917
8103694,2281050,г Москва проезд Лубянский д.17 строение 1,Москва,проезд Лубянский д.17 строение 1,проезд,Лубянский ,д.17 строение 1,муниципальный округ Басманный,1937
8103696,2281050,г Москва проезд Лубянский д.19 строение 1,Москва,проезд Лубянский д.19 строение 1,проезд,Лубянский ,д.19 строение 1,муниципальный округ Басманный,1860
8103726,2281050,г Москва проезд Сыромятнический д.7/14,Москва,проезд Сыромятнический д.7/14,проезд,Сыромятнический ,д.7/14,муниципальный округ Басманный,1961
8096834,2281050,г Москва туп Басманный д.6а строение 2,Москва,туп Басманный д.6а строение 2,туп,Басманный ,д.6а строение 2,муниципальный округ Басманный,1933
8103856,2281050,г Москва туп Хомутовский д.4 кор.1,Москва,туп Хомутовский д.4 кор.1,туп,Хомутовский ,д.4 кор.1,муниципальный округ Басманный,1959
8103860,2281050,г Москва туп Хомутовский д.4 кор.2,Москва,туп Хомутовский д.4 кор.2,туп,Хомутовский ,д.4 кор.2,муниципальный округ Басманный,1959
8096749,2281050,г Москва ул Бакунинская д.10/12 строение 1,Москва,ул Бакунинская д.10/12 строение 1,ул,Бакунинская ,д.10/12 строение 1,муниципальный округ Басманный,1917
7621916,2281050,г Москва ул Бакунинская д.11 строение 3,Москва,ул Бакунинская д.11 строение 3,ул,Бакунинская ,д.11 строение 3,муниципальный округ Басманный,1917
7621918,2281050,г Москва ул Бакунинская д.17/28,Москва,ул Бакунинская д.17/28,ул,Бакунинская ,д.17/28,муниципальный округ Басманный,2000
7769005,2281050,г Москва ул Бакунинская д.23-41,Москва,ул Бакунинская д.23-41,ул,Бакунинская ,д.23-41,муниципальный округ Басманный,1999
8096750,2281050,г Москва ул Бакунинская д.26_30 строение 1,Москва,ул Бакунинская д.26_30 строение 1,ул,Бакунинская ,д.26_30 строение 1,муниципальный округ Басманный,1990
8096752,2281050,г Москва ул Бакунинская д.32_36 строение 1,Москва,ул Бакунинская д.32_36 строение 1,ул,Бакунинская ,д.32_36 строение 1,муниципальный округ Басманный,1975
8096753,2281050,г Москва ул Бакунинская д.38_42 строение 1,Москва,ул Бакунинская д.38_42 строение 1,ул,Бакунинская ,д.38_42 строение 1,муниципальный округ Басманный,1979
8057202,2281050,г Москва ул Бакунинская д.4/6 строение 1,Москва,ул Бакунинская д.4/6 строение 1,ул,Бакунинская ,д.4/6 строение 1,муниципальный округ Басманный,1935
7621924,2281050,г Москва ул Бакунинская д.4/6 строение 2,Москва,ул Бакунинская д.4/6 строение 2,ул,Бакунинская ,д.4/6 строение 2,муниципальный округ Басманный,1934
7621920,2281050,г Москва ул Бакунинская д.43/55,Москва,ул Бакунинская д.43/55,ул,Бакунинская ,д.43/55,муниципальный округ Басманный,1980
8096754,2281050,г Москва ул Бакунинская д.44_48 строение 1,Москва,ул Бакунинская д.44_48 строение 1,ул,Бакунинская ,д.44_48 строение 1,муниципальный округ Басманный,1976
7621926,2281050,г Москва ул Бакунинская д.49 строение 4,Москва,ул Бакунинская д.49 строение 4,ул,Бакунинская ,д.49 строение 4,муниципальный округ Басманный,1917
7621929,2281050,г Москва ул Бакунинская д.49 строение 5,Москва,ул Бакунинская д.49 строение 5,ул,Бакунинская ,д.49 строение 5,муниципальный округ Басманный,1917
8096755,2281050,г Москва ул Бакунинская д.50 строение 3,Москва,ул Бакунинская д.50 строение 3,ул,Бакунинская ,д.50 строение 3,муниципальный округ Басманный,1912
8096756,2281050,г Москва ул Бакунинская д.58 строение 1,Москва,ул Бакунинская д.58 строение 1,ул,Бакунинская ,д.58 строение 1,муниципальный округ Басманный,1926
8096757,2281050,г Москва ул Бакунинская д.62_68 строение 1,Москва,ул Бакунинская д.62_68 строение 1,ул,Бакунинская ,д.62_68 строение 1,муниципальный округ Басманный,1972
7621932,2281050,г Москва ул Бакунинская д.77 строение 3,Москва,ул Бакунинская д.77 строение 3,ул,Бакунинская ,д.77 строение 3,муниципальный округ Басманный,1926
7621933,2281050,г Москва ул Бакунинская д.8,Москва,ул Бакунинская д.8,ул,Бакунинская ,д.8,муниципальный округ Басманный,1938
8096758,2281050,г Москва ул Бакунинская д.98А строение 11,Москва,ул Бакунинская д.98А строение 11,ул,Бакунинская ,д.98А строение 11,муниципальный округ Басманный,1926
8096763,2281050,г Москва ул Басманная Нов. д.12 строение 2,Москва,ул Басманная Нов. д.12 строение 2,ул,Басманная Нов. ,д.12 строение 2,муниципальный округ Басманный,1917
8096765,2281050,г Москва ул Басманная Нов. д.12 строение 3,Москва,ул Басманная Нов. д.12 строение 3,ул,Басманная Нов. ,д.12 строение 3,муниципальный округ Басманный,1917
8096766,2281050,г Москва ул Басманная Нов. д.12 строение 4,Москва,ул Басманная Нов. д.12 строение 4,ул,Басманная Нов. ,д.12 строение 4,муниципальный округ Басманный,1917
8096768,2281050,г Москва ул Басманная Нов. д.14 строение 1,Москва,ул Басманная Нов. д.14 строение 1,ул,Басманная Нов. ,д.14 строение 1,муниципальный округ Басманный,1904
8096770,2281050,г Москва ул Басманная Нов. д.14 строение 3,Москва,ул Басманная Нов. д.14 строение 3,ул,Басманная Нов. ,д.14 строение 3,муниципальный округ Басманный,1929
8096772,2281050,г Москва ул Басманная Нов. д.16 строение 3,Москва,ул Басманная Нов. д.16 строение 3,ул,Басманная Нов. ,д.16 строение 3,муниципальный округ Басманный,1935
8096774,2281050,г Москва ул Басманная Нов. д.16 строение 4,Москва,ул Басманная Нов. д.16 строение 4,ул,Басманная Нов. ,д.16 строение 4,муниципальный округ Басманный,1914
8096780,2281050,г Москва ул Басманная Нов. д.25/2,Москва,ул Басманная Нов. д.25/2,ул,Басманная Нов. ,д.25/2,муниципальный округ Басманный,1912
8096782,2281050,г Москва ул Басманная Нов. д.28 строение 1,Москва,ул Басманная Нов. д.28 строение 1,ул,Басманная Нов. ,д.28 строение 1,муниципальный округ Басманный,1917
8096783,2281050,г Москва ул Басманная Нов. д.28 строение 2,Москва,ул Басманная Нов. д.28 строение 2,ул,Басманная Нов. ,д.28 строение 2,муниципальный округ Басманный,1917
8096786,2281050,г Москва ул Басманная Нов. д.31 строение 1,Москва,ул Басманная Нов. д.31 строение 1,ул,Басманная Нов. ,д.31 строение 1,муниципальный округ Басманный,1914
8096788,2281050,г Москва ул Басманная Нов. д.31 строение 3,Москва,ул Басманная Нов. д.31 строение 3,ул,Басманная Нов. ,д.31 строение 3,муниципальный округ Басманный,1914
8096761,2281050,г Москва ул Басманная Нов. д.4_6 строение 3,Москва,ул Басманная Нов. д.4_6 строение 3,ул,Басманная Нов. ,д.4_6 строение 3,муниципальный округ Басманный,1932
8096797,2281050,г Москва ул Басманная Стар. д.10 строение 2,Москва,ул Басманная Стар. д.10 строение 2,ул,Басманная Стар. ,д.10 строение 2,муниципальный округ Басманный,1840
8096801,2281050,г Москва ул Басманная Стар. д.12 строение 2,Москва,ул Басманная Стар. д.12 строение 2,ул,Басманная Стар. ,д.12 строение 2,муниципальный округ Басманный,1890
8024070,2281050,г Москва ул Басманная Стар. д.12 строение 5,Москва,ул Басманная Стар. д.12 строение 5,ул,Басманная Стар. ,д.12 строение 5,муниципальный округ Басманный,2001
8096803,2281050,г Москва ул Басманная Стар. д.13 строение 1,Москва,ул Басманная Стар. д.13 строение 1,ул,Басманная Стар. ,д.13 строение 1,муниципальный округ Басманный,1906
8096805,2281050,г Москва ул Басманная Стар. д.14/2,Москва,ул Басманная Стар. д.14/2,ул,Басманная Стар. ,д.14/2,муниципальный округ Басманный,1954
8096809,2281050,г Москва ул Басманная Стар. д.15 строение 2,Москва,ул Басманная Стар. д.15 строение 2,ул,Басманная Стар. ,д.15 строение 2,муниципальный округ Басманный,1908
8096812,2281050,г Москва ул Басманная Стар. д.20 кор.1,Москва,ул Басманная Стар. д.20 кор.1,ул,Басманная Стар. ,д.20 кор.1,муниципальный округ Басманный,1934
8096819,2281050,г Москва ул Басманная Стар. д.20 кор.12,Москва,ул Басманная Стар. д.20 кор.12,ул,Басманная Стар. ,д.20 кор.12,муниципальный округ Басманный,1954
8096814,2281050,г Москва ул Басманная Стар. д.20 кор.2,Москва,ул Басманная Стар. д.20 кор.2,ул,Басманная Стар. ,д.20 кор.2,муниципальный округ Басманный,1927
8096816,2281050,г Москва ул Басманная Стар. д.20 кор.3,Москва,ул Басманная Стар. д.20 кор.3,ул,Басманная Стар. ,д.20 кор.3,муниципальный округ Басманный,1927
8096817,2281050,г Москва ул Басманная Стар. д.20 кор.4,Москва,ул Басманная Стар. д.20 кор.4,ул,Басманная Стар. ,д.20 кор.4,муниципальный округ Басманный,1934
8096818,2281050,г Москва ул Басманная Стар. д.20 кор.5,Москва,ул Басманная Стар. д.20 кор.5,ул,Басманная Стар. ,д.20 кор.5,муниципальный округ Басманный,1917
8096821,2281050,г Москва ул Басманная Стар. д.21/4 строение 2,Москва,ул Басманная Стар. д.21/4 строение 2,ул,Басманная Стар. ,д.21/4 строение 2,муниципальный округ Басманный,1959
8057208,2281050,г Москва ул Басманная Стар. д.22 кор.А строение 3,Москва,ул Басманная Стар. д.22 кор.А строение 3,ул,Басманная Стар. ,д.22 кор.А строение 3,муниципальный округ Басманный,1935
8096822,2281050,г Москва ул Басманная Стар. д.22 кор.Б строение 2,Москва,ул Басманная Стар. д.22 кор.Б строение 2,ул,Басманная Стар. ,д.22 кор.Б строение 2,муниципальный округ Басманный,1935
7621941,2281050,г Москва ул Басманная Стар. д.24,Москва,ул Басманная Стар. д.24,ул,Басманная Стар. ,д.24,муниципальный округ Басманный,1973
7562202,2281050,г Москва ул Басманная Стар. д.25 строение 1,Москва,ул Басманная Стар. д.25 строение 1,ул,Басманная Стар. ,д.25 строение 1,муниципальный округ Басманный,1917
8096823,2281050,г Москва ул Басманная Стар. д.25 строение 5,Москва,ул Басманная Стар. д.25 строение 5,ул,Басманная Стар. ,д.25 строение 5,муниципальный округ Басманный,1919
7713526,2281050,г Москва ул Басманная Стар. д.26,Москва,ул Басманная Стар. д.26,ул,Басманная Стар. ,д.26,муниципальный округ Басманный,1986
8096824,2281050,г Москва ул Басманная Стар. д.28/2,Москва,ул Басманная Стар. д.28/2,ул,Басманная Стар. ,д.28/2,муниципальный округ Басманный,1974
7621943,2281050,г Москва ул Басманная Стар. д.30/1,Москва,ул Басманная Стар. д.30/1,ул,Басманная Стар. ,д.30/1,муниципальный округ Басманный,1912
8090085,2281050,г Москва ул Басманная Стар. д.31,Москва,ул Басманная Стар. д.31,ул,Басманная Стар. ,д.31,муниципальный округ Басманный,1915
8096827,2281050,г Москва ул Басманная Стар. д.33,Москва,ул Басманная Стар. д.33,ул,Басманная Стар. ,д.33,муниципальный округ Басманный,1912
8096829,2281050,г Москва ул Басманная Стар. д.38/2 строение 3,Москва,ул Басманная Стар. д.38/2 строение 3,ул,Басманная Стар. ,д.38/2 строение 3,муниципальный округ Басманный,1999
8096790,2281050,г Москва ул Басманная Стар. д.5 строение 1,Москва,ул Басманная Стар. д.5 строение 1,ул,Басманная Стар. ,д.5 строение 1,муниципальный округ Басманный,1908
8096792,2281050,г Москва ул Басманная Стар. д.6 строение 2,Москва,ул Басманная Стар. д.6 строение 2,ул,Басманная Стар. ,д.6 строение 2,муниципальный округ Басманный,2005
8096794,2281050,г Москва ул Басманная Стар. д.9 кор.1,Москва,ул Басманная Стар. д.9 кор.1,ул,Басманная Стар. ,д.9 кор.1,муниципальный округ Басманный,1966
8096795,2281050,г Москва ул Басманная Стар. д.9 кор.2,Москва,ул Басманная Стар. д.9 кор.2,ул,Басманная Стар. ,д.9 кор.2,муниципальный округ Басманный,1969
7621945,2281050,г Москва ул Бауманская д.19,Москва,ул Бауманская д.19,ул,Бауманская ,д.19,муниципальный округ Басманный,1966
7621948,2281050,г Москва ул Бауманская д.20 строение 2,Москва,ул Бауманская д.20 строение 2,ул,Бауманская ,д.20 строение 2,муниципальный округ Басманный,1904
8079317,2281050,г Москва ул Бауманская д.20 строение 3,Москва,ул Бауманская д.20 строение 3,ул,Бауманская ,д.20 строение 3,муниципальный округ Басманный,1903
7621950,2281050,г Москва ул Бауманская д.23,Москва,ул Бауманская д.23,ул,Бауманская ,д.23,муниципальный округ Басманный,1917
7621952,2281050,г Москва ул Бауманская д.26,Москва,ул Бауманская д.26,ул,Бауманская ,д.26,муниципальный округ Басманный,1917
7621954,2281050,г Москва ул Бауманская д.27,Москва,ул Бауманская д.27,ул,Бауманская ,д.27,муниципальный округ Басманный,1966
7621955,2281050,г Москва ул Бауманская д.28 строение 2,Москва,ул Бауманская д.28 строение 2,ул,Бауманская ,д.28 строение 2,муниципальный округ Басманный,1917
7621958,2281050,г Москва ул Бауманская д.33/2 строение 3,Москва,ул Бауманская д.33/2 строение 3,ул,Бауманская ,д.33/2 строение 3,муниципальный округ Басманный,1917
8096840,2281050,г Москва ул Бауманская д.33/2 строение 8,Москва,ул Бауманская д.33/2 строение 8,ул,Бауманская ,д.33/2 строение 8,муниципальный округ Басманный,1917
7621960,2281050,г Москва ул Бауманская д.34/20,Москва,ул Бауманская д.34/20,ул,Бауманская ,д.34/20,муниципальный округ Басманный,1968
7621961,2281050,г Москва ул Бауманская д.35/1,Москва,ул Бауманская д.35/1,ул,Бауманская ,д.35/1,муниципальный округ Басманный,1902
7621962,2281050,г Москва ул Бауманская д.38 строение 2,Москва,ул Бауманская д.38 строение 2,ул,Бауманская ,д.38 строение 2,муниципальный округ Басманный,1966
7621963,2281050,г Москва ул Бауманская д.43 строение 2,Москва,ул Бауманская д.43 строение 2,ул,Бауманская ,д.43 строение 2,муниципальный округ Басманный,1905
7621964,2281050,г Москва ул Бауманская д.46,Москва,ул Бауманская д.46,ул,Бауманская ,д.46,муниципальный округ Басманный,1917
7621965,2281050,г Москва ул Бауманская д.56/17 строение 1,Москва,ул Бауманская д.56/17 строение 1,ул,Бауманская ,д.56/17 строение 1,муниципальный округ Басманный,1917
7621967,2281050,г Москва ул Бауманская д.58А,Москва,ул Бауманская д.58А,ул,Бауманская ,д.58А,муниципальный округ Басманный,1970
7621968,2281050,г Москва ул Бауманская д.62/66,Москва,ул Бауманская д.62/66,ул,Бауманская ,д.62/66,муниципальный округ Басманный,1977
7621969,2281050,г Москва ул Бауманская д.66/11,Москва,ул Бауманская д.66/11,ул,Бауманская ,д.66/11,муниципальный округ Басманный,1900
8096845,2281050,г Москва ул Воронцово Поле д.5_7 строение 8,Москва,ул Воронцово Поле д.5_7 строение 8,ул,Воронцово Поле ,д.5_7 строение 8,муниципальный округ Басманный,1935
8096848,2281050,г Москва ул Гольяновская д.1б,Москва,ул Гольяновская д.1б,ул,Гольяновская ,д.1б,муниципальный округ Басманный,1971
8096849,2281050,г Москва ул Гольяновская д.3а кор.3,Москва,ул Гольяновская д.3а кор.3,ул,Гольяновская ,д.3а кор.3,муниципальный округ Басманный,1950
8096850,2281050,г Москва ул Гольяновская д.7 кор.1,Москва,ул Гольяновская д.7 кор.1,ул,Гольяновская ,д.7 кор.1,муниципальный округ Басманный,1952
8096852,2281050,г Москва ул Гольяновская д.7 кор.2,Москва,ул Гольяновская д.7 кор.2,ул,Гольяновская ,д.7 кор.2,муниципальный округ Басманный,1952
8096854,2281050,г Москва ул Гольяновская д.7а кор.4,Москва,ул Гольяновская д.7а кор.4,ул,Гольяновская ,д.7а кор.4,муниципальный округ Басманный,1956
8096866,2281050,г Москва ул Госпитальный Вал д.3,Москва,ул Госпитальный Вал д.3,ул,Госпитальный Вал ,д.3,муниципальный округ Басманный,1960
8096869,2281050,г Москва ул Госпитальный Вал д.3 кор.1,Москва,ул Госпитальный Вал д.3 кор.1,ул,Госпитальный Вал ,д.3 кор.1,муниципальный округ Басманный,1964
8102845,2281050,г Москва ул Госпитальный Вал д.3 кор.2,Москва,ул Госпитальный Вал д.3 кор.2,ул,Госпитальный Вал ,д.3 кор.2,муниципальный округ Басманный,1969
8096873,2281050,г Москва ул Госпитальный Вал д.3 кор.3,Москва,ул Госпитальный Вал д.3 кор.3,ул,Госпитальный Вал ,д.3 кор.3,муниципальный округ Басманный,1969
8096874,2281050,г Москва ул Госпитальный Вал д.3 кор.4,Москва,ул Госпитальный Вал д.3 кор.4,ул,Госпитальный Вал ,д.3 кор.4,муниципальный округ Басманный,1977
8096875,2281050,г Москва ул Госпитальный Вал д.3 кор.5,Москва,ул Госпитальный Вал д.3 кор.5,ул,Госпитальный Вал ,д.3 кор.5,муниципальный округ Басманный,1968
8096878,2281050,г Москва ул Госпитальный Вал д.3 кор.6,Москва,ул Госпитальный Вал д.3 кор.6,ул,Госпитальный Вал ,д.3 кор.6,муниципальный округ Басманный,1967
8096879,2281050,г Москва ул Госпитальный Вал д.3 кор.7,Москва,ул Госпитальный Вал д.3 кор.7,ул,Госпитальный Вал ,д.3 кор.7,муниципальный округ Басманный,1973
8096889,2281050,г Москва ул Госпитальный Вал д.5 кор.10,Москва,ул Госпитальный Вал д.5 кор.10,ул,Госпитальный Вал ,д.5 кор.10,муниципальный округ Басманный,1933
8096891,2281050,г Москва ул Госпитальный Вал д.5 кор.11,Москва,ул Госпитальный Вал д.5 кор.11,ул,Госпитальный Вал ,д.5 кор.11,муниципальный округ Басманный,1951
8096892,2281050,г Москва ул Госпитальный Вал д.5 кор.13,Москва,ул Госпитальный Вал д.5 кор.13,ул,Госпитальный Вал ,д.5 кор.13,муниципальный округ Басманный,1950
8096893,2281050,г Москва ул Госпитальный Вал д.5 кор.15,Москва,ул Госпитальный Вал д.5 кор.15,ул,Госпитальный Вал ,д.5 кор.15,муниципальный округ Басманный,1950
8096894,2281050,г Москва ул Госпитальный Вал д.5 кор.16,Москва,ул Госпитальный Вал д.5 кор.16,ул,Госпитальный Вал ,д.5 кор.16,муниципальный округ Басманный,1950
8096895,2281050,г Москва ул Госпитальный Вал д.5 кор.17,Москва,ул Госпитальный Вал д.5 кор.17,ул,Госпитальный Вал ,д.5 кор.17,муниципальный округ Басманный,1950
8096896,2281050,г Москва ул Госпитальный Вал д.5 кор.18,Москва,ул Госпитальный Вал д.5 кор.18,ул,Госпитальный Вал ,д.5 кор.18,муниципальный округ Басманный,1955
8096882,2281050,г Москва ул Госпитальный Вал д.5 строение 1,Москва,ул Госпитальный Вал д.5 строение 1,ул,Госпитальный Вал ,д.5 строение 1,муниципальный округ Басманный,2000
7789060,2281050,г Москва ул Госпитальный Вал д.5 строение 12,Москва,ул Госпитальный Вал д.5 строение 12,ул,Госпитальный Вал ,д.5 строение 12,муниципальный округ Басманный,2004
8096883,2281050,г Москва ул Госпитальный Вал д.5 строение 2,Москва,ул Госпитальный Вал д.5 строение 2,ул,Госпитальный Вал ,д.5 строение 2,муниципальный округ Басманный,2002
8096884,2281050,г Москва ул Госпитальный Вал д.5 строение 3,Москва,ул Госпитальный Вал д.5 строение 3,ул,Госпитальный Вал ,д.5 строение 3,муниципальный округ Басманный,2001
8096885,2281050,г Москва ул Госпитальный Вал д.5 строение 4,Москва,ул Госпитальный Вал д.5 строение 4,ул,Госпитальный Вал ,д.5 строение 4,муниципальный округ Басманный,2002
8096886,2281050,г Москва ул Госпитальный Вал д.5 строение 5,Москва,ул Госпитальный Вал д.5 строение 5,ул,Госпитальный Вал ,д.5 строение 5,муниципальный округ Басманный,2001
8096887,2281050,г Москва ул Госпитальный Вал д.5 строение 7,Москва,ул Госпитальный Вал д.5 строение 7,ул,Госпитальный Вал ,д.5 строение 7,муниципальный округ Басманный,2003
8096897,2281050,г Москва ул Госпитальный Вал д.5 строение 7А,Москва,ул Госпитальный Вал д.5 строение 7А,ул,Госпитальный Вал ,д.5 строение 7А,муниципальный округ Басманный,2003
8096888,2281050,г Москва ул Госпитальный Вал д.5 строение 8,Москва,ул Госпитальный Вал д.5 строение 8,ул,Госпитальный Вал ,д.5 строение 8,муниципальный округ Басманный,2007
7621977,2281050,г Москва ул Доброслободская д.10 строение 4,Москва,ул Доброслободская д.10 строение 4,ул,Доброслободская ,д.10 строение 4,муниципальный округ Басманный,1786
7621979,2281050,г Москва ул Доброслободская д.10 строение 5,Москва,ул Доброслободская д.10 строение 5,ул,Доброслободская ,д.10 строение 5,муниципальный округ Басманный,1955
7621980,2281050,г Москва ул Доброслободская д.11/13,Москва,ул Доброслободская д.11/13,ул,Доброслободская ,д.11/13,муниципальный округ Басманный,1957
7621981,2281050,г Москва ул Доброслободская д.12,Москва,ул Доброслободская д.12,ул,Доброслободская ,д.12,муниципальный округ Басманный,1974
7621982,2281050,г Москва ул Доброслободская д.14 кор.2,Москва,ул Доброслободская д.14 кор.2,ул,Доброслободская ,д.14 кор.2,муниципальный округ Басманный,1974
7621985,2281050,г Москва ул Доброслободская д.15,Москва,ул Доброслободская д.15,ул,Доброслободская ,д.15,муниципальный округ Басманный,1994
7621986,2281050,г Москва ул Доброслободская д.15/17,Москва,ул Доброслободская д.15/17,ул,Доброслободская ,д.15/17,муниципальный округ Басманный,1956
7621987,2281050,г Москва ул Доброслободская д.16 кор.1,Москва,ул Доброслободская д.16 кор.1,ул,Доброслободская ,д.16 кор.1,муниципальный округ Басманный,1960
7621988,2281050,г Москва ул Доброслободская д.16 кор.2,Москва,ул Доброслободская д.16 кор.2,ул,Доброслободская ,д.16 кор.2,муниципальный округ Басманный,1962
7621991,2281050,г Москва ул Доброслободская д.16 кор.3,Москва,ул Доброслободская д.16 кор.3,ул,Доброслободская ,д.16 кор.3,муниципальный округ Басманный,1966
7621993,2281050,г Москва ул Доброслободская д.4,Москва,ул Доброслободская д.4,ул,Доброслободская ,д.4,муниципальный округ Басманный,1972
7621994,2281050,г Москва ул Доброслободская д.7/1,Москва,ул Доброслободская д.7/1,ул,Доброслободская ,д.7/1,муниципальный округ Басманный,1917
7621995,2281050,г Москва ул Доброслободская д.8,Москва,ул Доброслободская д.8,ул,Доброслободская ,д.8,муниципальный округ Басманный,1971
8096923,2281050,г Москва ул Жуковского д.19 строение 1,Москва,ул Жуковского д.19 строение 1,ул,Жуковского ,д.19 строение 1,муниципальный округ Басманный,1887
8096917,2281050,г Москва ул Жуковского д.2,Москва,ул Жуковского д.2,ул,Жуковского ,д.2,муниципальный округ Басманный,1914
8096918,2281050,г Москва ул Жуковского д.4 строение 1,Москва,ул Жуковского д.4 строение 1,ул,Жуковского ,д.4 строение 1,муниципальный округ Басманный,1917
8096919,2281050,г Москва ул Жуковского д.4 строение 3,Москва,ул Жуковского д.4 строение 3,ул,Жуковского ,д.4 строение 3,муниципальный округ Басманный,1917
8096920,2281050,г Москва ул Жуковского д.5,Москва,ул Жуковского д.5,ул,Жуковского ,д.5,муниципальный округ Басманный,1917
8090078,2281050,г Москва ул Жуковского д.5А,Москва,ул Жуковского д.5А,ул,Жуковского ,д.5А,муниципальный округ Басманный,1955
8096921,2281050,г Москва ул Жуковского д.6 строение 2,Москва,ул Жуковского д.6 строение 2,ул,Жуковского ,д.6 строение 2,муниципальный округ Басманный,1998
8090034,2281050,г Москва ул Жуковского д.7,Москва,ул Жуковского д.7,ул,Жуковского ,д.7,муниципальный округ Басманный,1915
8096922,2281050,г Москва ул Жуковского д.9,Москва,ул Жуковского д.9,ул,Жуковского ,д.9,муниципальный округ Басманный,1917
8096924,2281050,г Москва ул Забелина д.5 строение 2,Москва,ул Забелина д.5 строение 2,ул,Забелина ,д.5 строение 2,муниципальный округ Басманный,1952
8096925,2281050,г Москва ул Земляной Вал д.1/4 строение 1,Москва,ул Земляной Вал д.1/4 строение 1,ул,Земляной Вал ,д.1/4 строение 1,муниципальный округ Басманный,1932
8096933,2281050,г Москва ул Земляной Вал д.10,Москва,ул Земляной Вал д.10,ул,Земляной Вал ,д.10,муниципальный округ Басманный,1913
8096934,2281050,г Москва ул Земляной Вал д.12/7 строение 1,Москва,ул Земляной Вал д.12/7 строение 1,ул,Земляной Вал ,д.12/7 строение 1,муниципальный округ Басманный,1913
8096935,2281050,г Москва ул Земляной Вал д.14/16 строение 1,Москва,ул Земляной Вал д.14/16 строение 1,ул,Земляной Вал ,д.14/16 строение 1,муниципальный округ Басманный,1936
8096936,2281050,г Москва ул Земляной Вал д.18_22 строение 1,Москва,ул Земляной Вал д.18_22 строение 1,ул,Земляной Вал ,д.18_22 строение 1,муниципальный округ Басманный,1916
8096938,2281050,г Москва ул Земляной Вал д.18_22 строение 2,Москва,ул Земляной Вал д.18_22 строение 2,ул,Земляной Вал ,д.18_22 строение 2,муниципальный округ Басманный,1940
8096927,2281050,г Москва ул Земляной Вал д.2,Москва,ул Земляной Вал д.2,ул,Земляной Вал ,д.2,муниципальный округ Басманный,1945
8096947,2281050,г Москва ул Земляной Вал д.21/2 строение 1,Москва,ул Земляной Вал д.21/2 строение 1,ул,Земляной Вал ,д.21/2 строение 1,муниципальный округ Басманный,1938
8096949,2281050,г Москва ул Земляной Вал д.21/2 строение 2,Москва,ул Земляной Вал д.21/2 строение 2,ул,Земляной Вал ,д.21/2 строение 2,муниципальный округ Басманный,1890
8096950,2281050,г Москва ул Земляной Вал д.21/2 строение 3,Москва,ул Земляной Вал д.21/2 строение 3,ул,Земляной Вал ,д.21/2 строение 3,муниципальный округ Басманный,1870
8096951,2281050,г Москва ул Земляной Вал д.23 строение 1,Москва,ул Земляной Вал д.23 строение 1,ул,Земляной Вал ,д.23 строение 1,муниципальный округ Басманный,1938
8109480,2281050,г Москва ул Земляной Вал д.24/30 строение 1,Москва,ул Земляной Вал д.24/30 строение 1,ул,Земляной Вал ,д.24/30 строение 1,муниципальный округ Басманный,1941
8109488,2281050,г Москва ул Земляной Вал д.24/30 строение 1А,Москва,ул Земляной Вал д.24/30 строение 1А,ул,Земляной Вал ,д.24/30 строение 1А,муниципальный округ Басманный,1960
8096952,2281050,г Москва ул Земляной Вал д.24/32,Москва,ул Земляной Вал д.24/32,ул,Земляной Вал ,д.24/32,муниципальный округ Басманный,1962
8102856,2281050,г Москва ул Земляной Вал д.25,Москва,ул Земляной Вал д.25,ул,Земляной Вал ,д.25,муниципальный округ Басманный,1937
8102857,2281050,г Москва ул Земляной Вал д.27 строение 1,Москва,ул Земляной Вал д.27 строение 1,ул,Земляной Вал ,д.27 строение 1,муниципальный округ Басманный,1930
8102858,2281050,г Москва ул Земляной Вал д.27 строение 2,Москва,ул Земляной Вал д.27 строение 2,ул,Земляной Вал ,д.27 строение 2,муниципальный округ Басманный,1930
8096928,2281050,г Москва ул Земляной Вал д.3/1 строение 6,Москва,ул Земляной Вал д.3/1 строение 6,ул,Земляной Вал ,д.3/1 строение 6,муниципальный округ Басманный,1953
8096929,2281050,г Москва ул Земляной Вал д.3/1 строение 7,Москва,ул Земляной Вал д.3/1 строение 7,ул,Земляной Вал ,д.3/1 строение 7,муниципальный округ Басманный,1953
8102859,2281050,г Москва ул Земляной Вал д.32,Москва,ул Земляной Вал д.32,ул,Земляной Вал ,д.32,муниципальный округ Басманный,1932
8102860,2281050,г Москва ул Земляной Вал д.34 строение 3а,Москва,ул Земляной Вал д.34 строение 3а,ул,Земляной Вал ,д.34 строение 3а,муниципальный округ Басманный,1928
8102861,2281050,г Москва ул Земляной Вал д.34 строение 4,Москва,ул Земляной Вал д.34 строение 4,ул,Земляной Вал ,д.34 строение 4,муниципальный округ Басманный,1928
8102855,2281050,г Москва ул Земляной Вал д.38_40 строение 9,Москва,ул Земляной Вал д.38_40 строение 9,ул,Земляной Вал ,д.38_40 строение 9,муниципальный округ Басманный,1941
8102862,2281050,г Москва ул Земляной Вал д.39/1 строение 1,Москва,ул Земляной Вал д.39/1 строение 1,ул,Земляной Вал ,д.39/1 строение 1,муниципальный округ Басманный,1952
8096930,2281050,г Москва ул Земляной Вал д.6 строение 1,Москва,ул Земляной Вал д.6 строение 1,ул,Земляной Вал ,д.6 строение 1,муниципальный округ Басманный,1906
8096932,2281050,г Москва ул Земляной Вал д.6 строение 2,Москва,ул Земляной Вал д.6 строение 2,ул,Земляной Вал ,д.6 строение 2,муниципальный округ Басманный,1880
8102871,2281050,г Москва ул Казакова д.17/1 строение 1,Москва,ул Казакова д.17/1 строение 1,ул,Казакова ,д.17/1 строение 1,муниципальный округ Басманный,1958
8102873,2281050,г Москва ул Казакова д.18_20 строение 1,Москва,ул Казакова д.18_20 строение 1,ул,Казакова ,д.18_20 строение 1,муниципальный округ Басманный,1958
8102874,2281050,г Москва ул Казакова д.25,Москва,ул Казакова д.25,ул,Казакова ,д.25,муниципальный округ Басманный,1900
8102875,2281050,г Москва ул Казакова д.27,Москва,ул Казакова д.27,ул,Казакова ,д.27,муниципальный округ Басманный,1996
8102876,2281050,г Москва ул Казакова д.29 строение 1,Москва,ул Казакова д.29 строение 1,ул,Казакова ,д.29 строение 1,муниципальный округ Басманный,1914
8102877,2281050,г Москва ул Казакова д.29 строение 2,Москва,ул Казакова д.29 строение 2,ул,Казакова ,д.29 строение 2,муниципальный округ Басманный,1900
8102880,2281050,г Москва ул Казакова д.3 строение 1,Москва,ул Казакова д.3 строение 1,ул,Казакова ,д.3 строение 1,муниципальный округ Басманный,1880
8102882,2281050,г Москва ул Казакова д.8 строение 2,Москва,ул Казакова д.8 строение 2,ул,Казакова ,д.8 строение 2,муниципальный округ Басманный,1917
8102884,2281050,г Москва ул Казакова д.8 строение 6,Москва,ул Казакова д.8 строение 6,ул,Казакова ,д.8 строение 6,муниципальный округ Басманный,1914
8102886,2281050,г Москва ул Казакова д.8А,Москва,ул Казакова д.8А,ул,Казакова ,д.8А,муниципальный округ Басманный,1917
7622000,2281050,г Москва ул Красносельская Нижн. д.34/16,Москва,ул Красносельская Нижн. д.34/16,ул,Красносельская Нижн. ,д.34/16,муниципальный округ Басманный,1878
7622001,2281050,г Москва ул Красносельская Нижн. д.43,Москва,ул Красносельская Нижн. д.43,ул,Красносельская Нижн. ,д.43,муниципальный округ Басманный,1977
7622003,2281050,г Москва ул Красносельская Нижн. д.44,Москва,ул Красносельская Нижн. д.44,ул,Красносельская Нижн. ,д.44,муниципальный округ Басманный,1974
7622005,2281050,г Москва ул Красносельская Нижн. д.45/17,Москва,ул Красносельская Нижн. д.45/17,ул,Красносельская Нижн. ,д.45/17,муниципальный округ Басманный,1964
8103670,2281050,г Москва ул Ладожская д.10/12 строение 1,Москва,ул Ладожская д.10/12 строение 1,ул,Ладожская ,д.10/12 строение 1,муниципальный округ Басманный,1986
8103674,2281050,г Москва ул Ладожская д.13 строение 1,Москва,ул Ладожская д.13 строение 1,ул,Ладожская ,д.13 строение 1,муниципальный округ Басманный,1974
8103677,2281050,г Москва ул Ладожская д.15 строение 1,Москва,ул Ладожская д.15 строение 1,ул,Ладожская ,д.15 строение 1,муниципальный округ Басманный,1974
7622007,2281050,г Москва ул Ладожская д.2/37,Москва,ул Ладожская д.2/37,ул,Ладожская ,д.2/37,муниципальный округ Басманный,1961
8103685,2281050,г Москва ул Ладожская д.7,Москва,ул Ладожская д.7,ул,Ладожская ,д.7,муниципальный округ Басманный,1917
8103690,2281050,г Москва ул Ладожская д.7А,Москва,ул Ладожская д.7А,ул,Ладожская ,д.7А,муниципальный округ Басманный,1917
7622008,2281050,г Москва ул Ладожская д.8,Москва,ул Ладожская д.8,ул,Ладожская ,д.8,муниципальный округ Басманный,1996
8103776,2281050,г Москва ул Макаренко д.2/21 строение 1,Москва,ул Макаренко д.2/21 строение 1,ул,Макаренко ,д.2/21 строение 1,муниципальный округ Басманный,1810
8103780,2281050,г Москва ул Макаренко д.2/21 строение 2,Москва,ул Макаренко д.2/21 строение 2,ул,Макаренко ,д.2/21 строение 2,муниципальный округ Басманный,1905
8103786,2281050,г Москва ул Макаренко д.2/21 строение 3,Москва,ул Макаренко д.2/21 строение 3,ул,Макаренко ,д.2/21 строение 3,муниципальный округ Басманный,1905
8057195,2281050,г Москва ул Макаренко д.3 строение 2,Москва,ул Макаренко д.3 строение 2,ул,Макаренко ,д.3 строение 2,муниципальный округ Басманный,1917
8103788,2281050,г Москва ул Макаренко д.4 строение 2,Москва,ул Макаренко д.4 строение 2,ул,Макаренко ,д.4 строение 2,муниципальный округ Басманный,1904
8103791,2281050,г Москва ул Макаренко д.5 строение 1А,Москва,ул Макаренко д.5 строение 1А,ул,Макаренко ,д.5 строение 1А,муниципальный округ Басманный,1917
8103796,2281050,г Москва ул Макаренко д.8,Москва,ул Макаренко д.8,ул,Макаренко ,д.8,муниципальный округ Басманный,1926
8090046,2281050,г Москва ул Макаренко д.9 строение 1,Москва,ул Макаренко д.9 строение 1,ул,Макаренко ,д.9 строение 1,муниципальный округ Басманный,1917
8103802,2281050,г Москва ул Макаренко д.9 строение 2,Москва,ул Макаренко д.9 строение 2,ул,Макаренко ,д.9 строение 2,муниципальный округ Басманный,1956
8103809,2281050,г Москва ул Маросейка д.10/1 строение 1,Москва,ул Маросейка д.10/1 строение 1,ул,Маросейка ,д.10/1 строение 1,муниципальный округ Басманный,1880
8103846,2281050,г Москва ул Маросейка д.10/1 строение 3,Москва,ул Маросейка д.10/1 строение 3,ул,Маросейка ,д.10/1 строение 3,муниципальный округ Басманный,1930
8103849,2281050,г Москва ул Маросейка д.13 строение 1,Москва,ул Маросейка д.13 строение 1,ул,Маросейка ,д.13 строение 1,муниципальный округ Басманный,1890
8103853,2281050,г Москва ул Маросейка д.13 строение 2,Москва,ул Маросейка д.13 строение 2,ул,Маросейка ,д.13 строение 2,муниципальный округ Басманный,1893
8103858,2281050,г Москва ул Маросейка д.13 строение 3,Москва,ул Маросейка д.13 строение 3,ул,Маросейка ,д.13 строение 3,муниципальный округ Басманный,1870
8103861,2281050,г Москва ул Маросейка д.6/8 строение 1,Москва,ул Маросейка д.6/8 строение 1,ул,Маросейка ,д.6/8 строение 1,муниципальный округ Басманный,1830
8090092,2281050,г Москва ул Маросейка д.9/2 строение 1,Москва,ул Маросейка д.9/2 строение 1,ул,Маросейка ,д.9/2 строение 1,муниципальный округ Басманный,1890
8090097,2281050,г Москва ул Маросейка д.9/2 строение 7,Москва,ул Маросейка д.9/2 строение 7,ул,Маросейка ,д.9/2 строение 7,муниципальный округ Басманный,1890
8090100,2281050,г Москва ул Маросейка д.9/2 строение 8,Москва,ул Маросейка д.9/2 строение 8,ул,Маросейка ,д.9/2 строение 8,муниципальный округ Басманный,1890
7935945,2281050,г Москва ул Машкова д.1,Москва,ул Машкова д.1,ул,Машкова ,д.1,муниципальный округ Басманный,2002
8103868,2281050,г Москва ул Машкова д.10 строение 1,Москва,ул Машкова д.10 строение 1,ул,Машкова ,д.10 строение 1,муниципальный округ Басманный,1897
8103874,2281050,г Москва ул Машкова д.10 строение 2,Москва,ул Машкова д.10 строение 2,ул,Машкова ,д.10 строение 2,муниципальный округ Басманный,1907
8090169,2281050,г Москва ул Машкова д.11 строение 1,Москва,ул Машкова д.11 строение 1,ул,Машкова ,д.11 строение 1,муниципальный округ Басманный,1885
8103881,2281050,г Москва ул Машкова д.14,Москва,ул Машкова д.14,ул,Машкова ,д.14,муниципальный округ Басманный,1913
8103883,2281050,г Москва ул Машкова д.16,Москва,ул Машкова д.16,ул,Машкова ,д.16,муниципальный округ Басманный,1911
8090187,2281050,г Москва ул Машкова д.17,Москва,ул Машкова д.17,ул,Машкова ,д.17,муниципальный округ Басманный,1917
8103888,2281050,г Москва ул Машкова д.18 строение 1,Москва,ул Машкова д.18 строение 1,ул,Машкова ,д.18 строение 1,муниципальный округ Басманный,1917
8103891,2281050,г Москва ул Машкова д.2/13 строение 1,Москва,ул Машкова д.2/13 строение 1,ул,Машкова ,д.2/13 строение 1,муниципальный округ Басманный,1927
8090188,2281050,г Москва ул Машкова д.21,Москва,ул Машкова д.21,ул,Машкова ,д.21,муниципальный округ Басманный,1917
8090190,2281050,г Москва ул Машкова д.22,Москва,ул Машкова д.22,ул,Машкова ,д.22,муниципальный округ Басманный,1890
8090191,2281050,г Москва ул Машкова д.24,Москва,ул Машкова д.24,ул,Машкова ,д.24,муниципальный округ Басманный,1904
8090195,2281050,г Москва ул Машкова д.26 строение 1,Москва,ул Машкова д.26 строение 1,ул,Машкова ,д.26 строение 1,муниципальный округ Басманный,1900
8090197,2281050,г Москва ул Машкова д.26 строение 2,Москва,ул Машкова д.26 строение 2,ул,Машкова ,д.26 строение 2,муниципальный округ Басманный,1905
8090193,2281050,г Москва ул Машкова д.28/20 строение 2,Москва,ул Машкова д.28/20 строение 2,ул,Машкова ,д.28/20 строение 2,муниципальный округ Басманный,1910
8090158,2281050,г Москва ул Машкова д.9,Москва,ул Машкова д.9,ул,Машкова ,д.9,муниципальный округ Басманный,1996
8147577,2281050,г Москва ул Мясницкая д.24/7 строение 1,Москва,ул Мясницкая д.24/7 строение 1,ул,Мясницкая ,д.24/7 строение 1,муниципальный округ Басманный,1906
8103906,2281050,г Москва ул Мясницкая д.24/7 строение 2,Москва,ул Мясницкая д.24/7 строение 2,ул,Мясницкая ,д.24/7 строение 2,муниципальный округ Басманный,1892
8103909,2281050,г Москва ул Мясницкая д.30 строение 3,Москва,ул Мясницкая д.30 строение 3,ул,Мясницкая ,д.30 строение 3,муниципальный округ Басманный,1876
8103917,2281050,г Москва ул Мясницкая д.30/1 строение 1,Москва,ул Мясницкая д.30/1 строение 1,ул,Мясницкая ,д.30/1 строение 1,муниципальный округ Басманный,1876
8103928,2281050,г Москва ул Мясницкая д.30/1 строение 2,Москва,ул Мясницкая д.30/1 строение 2,ул,Мясницкая ,д.30/1 строение 2,муниципальный округ Басманный,1876
8103942,2281050,г Москва ул Мясницкая д.40А,Москва,ул Мясницкая д.40А,ул,Мясницкая ,д.40А,муниципальный округ Басманный,1949
8090151,2281050,г Москва ул Мясницкая д.44 строение 3,Москва,ул Мясницкая д.44 строение 3,ул,Мясницкая ,д.44 строение 3,муниципальный округ Басманный,1917
8103948,2281050,г Москва ул Новая Дорога д.1,Москва,ул Новая Дорога д.1,ул,Новая Дорога ,д.1,муниципальный округ Басманный,1975
8103977,2281050,г Москва ул Новая Дорога д.17 кор.2,Москва,ул Новая Дорога д.17 кор.2,ул,Новая Дорога ,д.17 кор.2,муниципальный округ Басманный,1964
8103983,2281050,г Москва ул Новая Дорога д.3,Москва,ул Новая Дорога д.3,ул,Новая Дорога ,д.3,муниципальный округ Басманный,1967
8103988,2281050,г Москва ул Новая Дорога д.5,Москва,ул Новая Дорога д.5,ул,Новая Дорога ,д.5,муниципальный округ Басманный,1966
8103993,2281050,г Москва ул Новорязанская д.22/14,Москва,ул Новорязанская д.22/14,ул,Новорязанская ,д.22/14,муниципальный округ Басманный,1917
7622015,2281050,г Москва ул Новорязанская д.25 строение 1,Москва,ул Новорязанская д.25 строение 1,ул,Новорязанская ,д.25 строение 1,муниципальный округ Басманный,1910
8103999,2281050,г Москва ул Новорязанская д.30,Москва,ул Новорязанская д.30,ул,Новорязанская ,д.30,муниципальный округ Басманный,1937
8248304,2281050,г Москва ул Новорязанская д.30а,Москва,ул Новорязанская д.30а,ул,Новорязанская ,д.30а,муниципальный округ Басманный,2001
7622017,2281050,г Москва ул Новорязанская д.31/7 строение 5,Москва,ул Новорязанская д.31/7 строение 5,ул,Новорязанская ,д.31/7 строение 5,муниципальный округ Басманный,1932
7622018,2281050,г Москва ул Новорязанская д.31/7 строение 6,Москва,ул Новорязанская д.31/7 строение 6,ул,Новорязанская ,д.31/7 строение 6,муниципальный округ Басманный,1933
8104003,2281050,г Москва ул Новорязанская д.32,Москва,ул Новорязанская д.32,ул,Новорязанская ,д.32,муниципальный округ Басманный,1963
8104007,2281050,г Москва ул Новорязанская д.36,Москва,ул Новорязанская д.36,ул,Новорязанская ,д.36,муниципальный округ Басманный,1941
8104013,2281050,г Москва ул Новорязанская д.38,Москва,ул Новорязанская д.38,ул,Новорязанская ,д.38,муниципальный округ Басманный,1928
7622022,2281050,г Москва ул Ольховская д.16,Москва,ул Ольховская д.16,ул,Ольховская ,д.16,муниципальный округ Басманный,1917
7622021,2281050,г Москва ул Ольховская д.2А,Москва,ул Ольховская д.2А,ул,Ольховская ,д.2А,муниципальный округ Басманный,1917
8104127,2281050,г Москва ул Покровка д.14/2 строение 1,Москва,ул Покровка д.14/2 строение 1,ул,Покровка ,д.14/2 строение 1,муниципальный округ Басманный,1880
8104132,2281050,г Москва ул Покровка д.15/16 строение 1,Москва,ул Покровка д.15/16 строение 1,ул,Покровка ,д.15/16 строение 1,муниципальный округ Басманный,1917
8104138,2281050,г Москва ул Покровка д.19,Москва,ул Покровка д.19,ул,Покровка ,д.19,муниципальный округ Басманный,1901
8104142,2281050,г Москва ул Покровка д.2/1 строение 1,Москва,ул Покровка д.2/1 строение 1,ул,Покровка ,д.2/1 строение 1,муниципальный округ Басманный,1900
8104148,2281050,г Москва ул Покровка д.2/1 строение 2,Москва,ул Покровка д.2/1 строение 2,ул,Покровка ,д.2/1 строение 2,муниципальный округ Басманный,1914
8104163,2281050,г Москва ул Покровка д.20/1 строение 1,Москва,ул Покровка д.20/1 строение 1,ул,Покровка ,д.20/1 строение 1,муниципальный округ Басманный,1936
8104169,2281050,г Москва ул Покровка д.21_23 строение 1,Москва,ул Покровка д.21_23 строение 1,ул,Покровка ,д.21_23 строение 1,муниципальный округ Басманный,1917
8104182,2281050,г Москва ул Покровка д.25 строение 1,Москва,ул Покровка д.25 строение 1,ул,Покровка ,д.25 строение 1,муниципальный округ Басманный,1917
8104187,2281050,г Москва ул Покровка д.25 строение 2,Москва,ул Покровка д.25 строение 2,ул,Покровка ,д.25 строение 2,муниципальный округ Басманный,1923
8104192,2281050,г Москва ул Покровка д.27 строение 1,Москва,ул Покровка д.27 строение 1,ул,Покровка ,д.27 строение 1,муниципальный округ Басманный,1860
8057210,2281050,г Москва ул Покровка д.29,Москва,ул Покровка д.29,ул,Покровка ,д.29,муниципальный округ Басманный,1895
8104199,2281050,г Москва ул Покровка д.3/7 строение 1АБГ,Москва,ул Покровка д.3/7 строение 1АБГ,ул,Покровка ,д.3/7 строение 1АБГ,муниципальный округ Басманный,1875
8104208,2281050,г Москва ул Покровка д.31 строение 1,Москва,ул Покровка д.31 строение 1,ул,Покровка ,д.31 строение 1,муниципальный округ Басманный,1910
8104212,2281050,г Москва ул Покровка д.31 строение 1Г,Москва,ул Покровка д.31 строение 1Г,ул,Покровка ,д.31 строение 1Г,муниципальный округ Басманный,1901
8104219,2281050,г Москва ул Покровка д.31 строение 2,Москва,ул Покровка д.31 строение 2,ул,Покровка ,д.31 строение 2,муниципальный округ Басманный,1913
8104232,2281050,г Москва ул Покровка д.31 строение 3,Москва,ул Покровка д.31 строение 3,ул,Покровка ,д.31 строение 3,муниципальный округ Басманный,1917
8104242,2281050,г Москва ул Покровка д.33/22 строение 2,Москва,ул Покровка д.33/22 строение 2,ул,Покровка ,д.33/22 строение 2,муниципальный округ Басманный,1904
8104256,2281050,г Москва ул Покровка д.34,Москва,ул Покровка д.34,ул,Покровка ,д.34,муниципальный округ Басманный,1897
8104263,2281050,г Москва ул Покровка д.35/17 строение 1,Москва,ул Покровка д.35/17 строение 1,ул,Покровка ,д.35/17 строение 1,муниципальный округ Басманный,1895
8104268,2281050,г Москва ул Покровка д.37 строение 1,Москва,ул Покровка д.37 строение 1,ул,Покровка ,д.37 строение 1,муниципальный округ Басманный,1935
8104272,2281050,г Москва ул Покровка д.37/15 строение 4,Москва,ул Покровка д.37/15 строение 4,ул,Покровка ,д.37/15 строение 4,муниципальный округ Басманный,1927
8104051,2281050,г Москва ул Покровка д.38 строение 1,Москва,ул Покровка д.38 строение 1,ул,Покровка ,д.38 строение 1,муниципальный округ Басманный,1902
7713536,2281050,г Москва ул Покровка д.39,Москва,ул Покровка д.39,ул,Покровка ,д.39,муниципальный округ Басманный,1986
8104055,2281050,г Москва ул Покровка д.4 строение 1,Москва,ул Покровка д.4 строение 1,ул,Покровка ,д.4 строение 1,муниципальный округ Басманный,1880
8104059,2281050,г Москва ул Покровка д.40 строение 1,Москва,ул Покровка д.40 строение 1,ул,Покровка ,д.40 строение 1,муниципальный округ Басманный,1905
8104063,2281050,г Москва ул Покровка д.41 строение 1,Москва,ул Покровка д.41 строение 1,ул,Покровка ,д.41 строение 1,муниципальный округ Басманный,1928
8090080,2281050,г Москва ул Покровка д.41 строение 3,Москва,ул Покровка д.41 строение 3,ул,Покровка ,д.41 строение 3,муниципальный округ Басманный,1928
8104069,2281050,г Москва ул Покровка д.42 строение 6,Москва,ул Покровка д.42 строение 6,ул,Покровка ,д.42 строение 6,муниципальный округ Басманный,1913
8104072,2281050,г Москва ул Покровка д.43 строение 6,Москва,ул Покровка д.43 строение 6,ул,Покровка ,д.43 строение 6,муниципальный округ Басманный,1904
8104078,2281050,г Москва ул Покровка д.43 строение 7,Москва,ул Покровка д.43 строение 7,ул,Покровка ,д.43 строение 7,муниципальный округ Басманный,1890
8090082,2281050,г Москва ул Покровка д.43А,Москва,ул Покровка д.43А,ул,Покровка ,д.43А,муниципальный округ Басманный,1917
8104080,2281050,г Москва ул Покровка д.44,Москва,ул Покровка д.44,ул,Покровка ,д.44,муниципальный округ Басманный,1910
8104084,2281050,г Москва ул Покровка д.45 строение 4,Москва,ул Покровка д.45 строение 4,ул,Покровка ,д.45 строение 4,муниципальный округ Басманный,1906
8104087,2281050,г Москва ул Покровка д.45 строение 5,Москва,ул Покровка д.45 строение 5,ул,Покровка ,д.45 строение 5,муниципальный округ Басманный,1906
8090113,2281050,г Москва ул Покровка д.7/9 кор.1,Москва,ул Покровка д.7/9 кор.1,ул,Покровка ,д.7/9 кор.1,муниципальный округ Басманный,1929
8104133,2281050,г Москва ул Почтовая Б. д.1/33 строение 1,Москва,ул Почтовая Б. д.1/33 строение 1,ул,Почтовая Б. ,д.1/33 строение 1,муниципальный округ Басманный,1968
8104137,2281050,г Москва ул Почтовая Б. д.16,Москва,ул Почтовая Б. д.16,ул,Почтовая Б. ,д.16,муниципальный округ Басманный,2007
8090050,2281050,г Москва ул Почтовая Б. д.18,Москва,ул Почтовая Б. д.18,ул,Почтовая Б. ,д.18,муниципальный округ Басманный,1926
8104143,2281050,г Москва ул Почтовая Б. д.18/20 кор.10,Москва,ул Почтовая Б. д.18/20 кор.10,ул,Почтовая Б. ,д.18/20 кор.10,муниципальный округ Басманный,1926
8104147,2281050,г Москва ул Почтовая Б. д.18/20 кор.11,Москва,ул Почтовая Б. д.18/20 кор.11,ул,Почтовая Б. ,д.18/20 кор.11,муниципальный округ Басманный,1930
8104152,2281050,г Москва ул Почтовая Б. д.18/20 кор.12,Москва,ул Почтовая Б. д.18/20 кор.12,ул,Почтовая Б. ,д.18/20 кор.12,муниципальный округ Басманный,1930
8104157,2281050,г Москва ул Почтовая Б. д.18/20 кор.15,Москва,ул Почтовая Б. д.18/20 кор.15,ул,Почтовая Б. ,д.18/20 кор.15,муниципальный округ Басманный,1926
8104164,2281050,г Москва ул Почтовая Б. д.18/20 кор.16,Москва,ул Почтовая Б. д.18/20 кор.16,ул,Почтовая Б. ,д.18/20 кор.16,муниципальный округ Басманный,1926
8104168,2281050,г Москва ул Почтовая Б. д.18/20 кор.17,Москва,ул Почтовая Б. д.18/20 кор.17,ул,Почтовая Б. ,д.18/20 кор.17,муниципальный округ Басманный,1931
8104174,2281050,г Москва ул Почтовая Б. д.18/20 кор.18,Москва,ул Почтовая Б. д.18/20 кор.18,ул,Почтовая Б. ,д.18/20 кор.18,муниципальный округ Басманный,1957
8104179,2281050,г Москва ул Почтовая Б. д.18/20 кор.18а,Москва,ул Почтовая Б. д.18/20 кор.18а,ул,Почтовая Б. ,д.18/20 кор.18а,муниципальный округ Басманный,1957
8104181,2281050,г Москва ул Почтовая Б. д.18/20 кор.2,Москва,ул Почтовая Б. д.18/20 кор.2,ул,Почтовая Б. ,д.18/20 кор.2,муниципальный округ Басманный,1927
8104185,2281050,г Москва ул Почтовая Б. д.18/20 кор.3,Москва,ул Почтовая Б. д.18/20 кор.3,ул,Почтовая Б. ,д.18/20 кор.3,муниципальный округ Басманный,1926
8104190,2281050,г Москва ул Почтовая Б. д.18/20 кор.4,Москва,ул Почтовая Б. д.18/20 кор.4,ул,Почтовая Б. ,д.18/20 кор.4,муниципальный округ Басманный,1926
8090052,2281050,г Москва ул Почтовая Б. д.18/20 кор.6,Москва,ул Почтовая Б. д.18/20 кор.6,ул,Почтовая Б. ,д.18/20 кор.6,муниципальный округ Басманный,1926
8104198,2281050,г Москва ул Почтовая Б. д.18/20 кор.7,Москва,ул Почтовая Б. д.18/20 кор.7,ул,Почтовая Б. ,д.18/20 кор.7,муниципальный округ Басманный,1929
8104203,2281050,г Москва ул Почтовая Б. д.18/20 кор.8,Москва,ул Почтовая Б. д.18/20 кор.8,ул,Почтовая Б. ,д.18/20 кор.8,муниципальный округ Басманный,1926
8104206,2281050,г Москва ул Почтовая Б. д.18/20 кор.9,Москва,ул Почтовая Б. д.18/20 кор.9,ул,Почтовая Б. ,д.18/20 кор.9,муниципальный округ Басманный,1926
8090088,2281050,г Москва ул Почтовая Б. д.18/20 кор.9 строение 6А,Москва,ул Почтовая Б. д.18/20 кор.9 строение 6А,ул,Почтовая Б. ,д.18/20 кор.9 строение 6А,муниципальный округ Басманный,1956
8090053,2281050,г Москва ул Почтовая Б. д.18/20 кор.9А,Москва,ул Почтовая Б. д.18/20 кор.9А,ул,Почтовая Б. ,д.18/20 кор.9А,муниципальный округ Басманный,1956
8104211,2281050,г Москва ул Почтовая Б. д.2/4,Москва,ул Почтовая Б. д.2/4,ул,Почтовая Б. ,д.2/4,муниципальный округ Басманный,1956
8104218,2281050,г Москва ул Почтовая Б. д.5,Москва,ул Почтовая Б. д.5,ул,Почтовая Б. ,д.5,муниципальный округ Басманный,2002
8104235,2281050,г Москва ул Почтовая Б. д.5/12 строение 1,Москва,ул Почтовая Б. д.5/12 строение 1,ул,Почтовая Б. ,д.5/12 строение 1,муниципальный округ Басманный,1976
8104239,2281050,г Москва ул Почтовая Б. д.5/12 строение 2,Москва,ул Почтовая Б. д.5/12 строение 2,ул,Почтовая Б. ,д.5/12 строение 2,муниципальный округ Басманный,1976
8104221,2281050,г Москва ул Почтовая Б. д.6 строение 1,Москва,ул Почтовая Б. д.6 строение 1,ул,Почтовая Б. ,д.6 строение 1,муниципальный округ Басманный,1968
8104226,2281050,г Москва ул Почтовая Б. д.61/67 строение 1,Москва,ул Почтовая Б. д.61/67 строение 1,ул,Почтовая Б. ,д.61/67 строение 1,муниципальный округ Басманный,1961
8104636,2281050,г Москва ул Почтовая М. д.10,Москва,ул Почтовая М. д.10,ул,Почтовая М. ,д.10,муниципальный округ Басманный,1998
7562191,2281050,г Москва ул Радио д.10 строение 9,Москва,ул Радио д.10 строение 9,ул,Радио ,д.10 строение 9,муниципальный округ Басманный,1957
8102895,2281050,г Москва ул Садовая-Черногрязская д.11/2,Москва,ул Садовая-Черногрязская д.11/2,ул,Садовая-Черногрязская ,д.11/2,муниципальный округ Басманный,1908
8102896,2281050,г Москва ул Садовая-Черногрязская д.13/3 строение 1,Москва,ул Садовая-Черногрязская д.13/3 строение 1,ул,Садовая-Черногрязская ,д.13/3 строение 1,муниципальный округ Басманный,1929
8102897,2281050,г Москва ул Садовая-Черногрязская д.16_18 строение 1,Москва,ул Садовая-Черногрязская д.16_18 строение 1,ул,Садовая-Черногрязская ,д.16_18 строение 1,муниципальный округ Басманный,1941
8102902,2281050,г Москва ул Садовая-Черногрязская д.5/9,Москва,ул Садовая-Черногрязская д.5/9,ул,Садовая-Черногрязская ,д.5/9,муниципальный округ Басманный,1957
8103645,2281050,г Москва ул Солянка д.1/2 строение 1,Москва,ул Солянка д.1/2 строение 1,ул,Солянка ,д.1/2 строение 1,муниципальный округ Басманный,1914
7622054,2281050,г Москва ул Спартаковская д.16 кор.2,Москва,ул Спартаковская д.16 кор.2,ул,Спартаковская ,д.16 кор.2,муниципальный округ Басманный,1973
7622055,2281050,г Москва ул Спартаковская д.18,Москва,ул Спартаковская д.18,ул,Спартаковская ,д.18,муниципальный округ Басманный,1971
7622056,2281050,г Москва ул Спартаковская д.19 строение 2,Москва,ул Спартаковская д.19 строение 2,ул,Спартаковская ,д.19 строение 2,муниципальный округ Басманный,1929
7622058,2281050,г Москва ул Спартаковская д.19 строение 3,Москва,ул Спартаковская д.19 строение 3,ул,Спартаковская ,д.19 строение 3,муниципальный округ Басманный,1929
7622063,2281050,г Москва ул Спартаковская д.19 строение 3А,Москва,ул Спартаковская д.19 строение 3А,ул,Спартаковская ,д.19 строение 3А,муниципальный округ Басманный,1955
7622064,2281050,г Москва ул Спартаковская д.6,Москва,ул Спартаковская д.6,ул,Спартаковская ,д.6,муниципальный округ Басманный,1941
8103697,2281050,г Москва ул Сыромятническая Ниж. д.2/3 строение 1,Москва,ул Сыромятническая Ниж. д.2/3 строение 1,ул,Сыромятническая Ниж. ,д.2/3 строение 1,муниципальный округ Басманный,1925
8103701,2281050,г Москва ул Сыромятническая Ниж. д.5 строение 3,Москва,ул Сыромятническая Ниж. д.5 строение 3,ул,Сыромятническая Ниж. ,д.5 строение 3,муниципальный округ Басманный,1927
8103709,2281050,г Москва ул Сыромятническая Ниж. д.5 строение 3а,Москва,ул Сыромятническая Ниж. д.5 строение 3а,ул,Сыромятническая Ниж. ,д.5 строение 3а,муниципальный округ Басманный,1957
8103755,2281050,г Москва ул Фридриха Энгельса д.23 строение 1,Москва,ул Фридриха Энгельса д.23 строение 1,ул,Фридриха Энгельса ,д.23 строение 1,муниципальный округ Басманный,1917
8103763,2281050,г Москва ул Фридриха Энгельса д.28_30 кор.1,Москва,ул Фридриха Энгельса д.28_30 кор.1,ул,Фридриха Энгельса ,д.28_30 кор.1,муниципальный округ Басманный,1972
8103767,2281050,г Москва ул Фридриха Энгельса д.28_30 кор.2,Москва,ул Фридриха Энгельса д.28_30 кор.2,ул,Фридриха Энгельса ,д.28_30 кор.2,муниципальный округ Басманный,1972
7622077,2281050,г Москва ул Фридриха Энгельса д.3/5 строение 1,Москва,ул Фридриха Энгельса д.3/5 строение 1,ул,Фридриха Энгельса ,д.3/5 строение 1,муниципальный округ Басманный,1917
8192769,2281050,г Москва ул Фридриха Энгельса д.31/35,Москва,ул Фридриха Энгельса д.31/35,ул,Фридриха Энгельса ,д.31/35,муниципальный округ Басманный,1933
8103769,2281050,г Москва ул Фридриха Энгельса д.36 строение 1,Москва,ул Фридриха Энгельса д.36 строение 1,ул,Фридриха Энгельса ,д.36 строение 1,муниципальный округ Басманный,1975
8103774,2281050,г Москва ул Фридриха Энгельса д.37_41 кор.А,Москва,ул Фридриха Энгельса д.37_41 кор.А,ул,Фридриха Энгельса ,д.37_41 кор.А,муниципальный округ Басманный,1973
8103781,2281050,г Москва ул Фридриха Энгельса д.43_45,Москва,ул Фридриха Энгельса д.43_45,ул,Фридриха Энгельса ,д.43_45,муниципальный округ Басманный,1974
8103784,2281050,г Москва ул Фридриха Энгельса д.63 строение 1,Москва,ул Фридриха Энгельса д.63 строение 1,ул,Фридриха Энгельса ,д.63 строение 1,муниципальный округ Басманный,1917
8103789,2281050,г Москва ул Фридриха Энгельса д.7_21,Москва,ул Фридриха Энгельса д.7_21,ул,Фридриха Энгельса ,д.7_21,муниципальный округ Басманный,1973
8103892,2281050,г Москва ул Чаплыгина д.1/12 строение 1,Москва,ул Чаплыгина д.1/12 строение 1,ул,Чаплыгина ,д.1/12 строение 1,муниципальный округ Басманный,1927
8103900,2281050,г Москва ул Чаплыгина д.1/12 строение 2,Москва,ул Чаплыгина д.1/12 строение 2,ул,Чаплыгина ,д.1/12 строение 2,муниципальный округ Басманный,1927
8103905,2281050,г Москва ул Чаплыгина д.10/11 строение 1,Москва,ул Чаплыгина д.10/11 строение 1,ул,Чаплыгина ,д.10/11 строение 1,муниципальный округ Басманный,1894
8103910,2281050,г Москва ул Чаплыгина д.10/11 строение 3,Москва,ул Чаплыгина д.10/11 строение 3,ул,Чаплыгина ,д.10/11 строение 3,муниципальный округ Басманный,1894
8103913,2281050,г Москва ул Чаплыгина д.15 строение 5,Москва,ул Чаплыгина д.15 строение 5,ул,Чаплыгина ,д.15 строение 5,муниципальный округ Басманный,1927
8090083,2281050,г Москва ул Чаплыгина д.16,Москва,ул Чаплыгина д.16,ул,Чаплыгина ,д.16,муниципальный округ Басманный,1955
8103921,2281050,г Москва ул Чаплыгина д.1А строение 1,Москва,ул Чаплыгина д.1А строение 1,ул,Чаплыгина ,д.1А строение 1,муниципальный округ Басманный,1900
8103925,2281050,г Москва ул Чаплыгина д.8 строение 1,Москва,ул Чаплыгина д.8 строение 1,ул,Чаплыгина ,д.8 строение 1,муниципальный округ Басманный,1898
